Peak Method: Gauss
File Time(Hrs) PeakHeight_E1_30Hz PeakLocation_E1_30Hz PeakHeight_E1_100Hz PeakLocation_E1_100Hz Norm_E1_30Hz Norm_E1_100Hz NormalizedRatio_E1 KDM_E1
1 0.0 0.9018933052531218 -0.3050328839176581 1.4532691898186525 -0.30589408649931454 1.0 1.0 1.0 1.0
2 0.0 0.8928021456234637 -0.30451906628624775 1.4302162033985553 -0.3057324801331444 0.9899199167166379 0.9841371532668536 0.9941583522544283 0.994141239847911
3 0.0 0.8774942245873452 -0.3047522340925108 1.4112680620085145 -0.3059304628118137 0.972946821399313 0.9710988658506006 0.9981006613022748 0.9980988558439421
4 0.001 0.8676661775802129 -0.30455694068691924 1.3906376621133354 -0.3056816426867727 0.9620496931582135 0.9569030100245003 0.9946502938774215 0.994635945820679
5 0.001 0.8668615343670268 -0.30480075603152523 1.3855676631226028 -0.3057852717499685 0.9611575219795393 0.9534143246341733 0.9919438831114606 0.9919113013606031
6 0.001 0.8523128959810276 -0.30424670051455127 1.370341797879538 -0.30568207726379965 0.9450263030190924 0.9429373494462766 0.9977895286447137 0.9977870828497276
7 0.001 0.8525204983640765 -0.3043648830560307 1.3663766848037502 -0.3057007566219409 0.9452564880995667 0.9402089402131031 0.9946601288115866 0.9946458335319563
8 0.001 0.8447025203049137 -0.3044153417753739 1.3561386705157408 -0.3054461811898902 0.9365880813006399 0.9331641240429571 0.9963442229022091 0.9963375283121503
9 0.001 0.8394401216860666 -0.30410501255832745 1.3549927527523076 -0.30554151819824266 0.9307532463060835 0.9323756137164042 1.0017430693008695 1.0017415514784105
10 0.0 0.8376897426779507 -0.30437097045250006 1.3435154726884664 -0.3056827238379099 0.9288124635129075 0.9244780541009874 0.9953333858209367 0.9953224717110185
11 0.0 0.8302704135398938 -0.30437585765779274 1.3364458764308702 -0.3056467212593411 0.9205860701082301 0.919613438304324 0.9989434645651418 0.9989429061365795
12 0.0 0.8263751729226267 -0.3046274648804076 1.3286811050003922 -0.30561839130954105 0.9162671106541804 0.914270469854379 0.9978208965741705 0.997818519738615
13 0.0 0.8202380766447807 -0.3045920558057423 1.3259976812460301 -0.3056031306080656 0.9094624296103139 0.9124239958678928 1.00325639208521 1.003251098659239
14 0.0 0.822118952286801 -0.30458754101155133 1.320789887854006 -0.3056046348309895 0.9115479042790636 0.908840493631343 0.9970298756269295 0.9970254582474505
15 0.0 0.8221681907605247 -0.30435621212355785 1.3117421488502943 -0.3054383959850217 0.9116024988452245 0.9026147103648301 0.9901406715188038 0.990091827555414
16 0.0 0.820371379333698 -0.3044835855588282 1.304229115583419 -0.3056132882566451 0.9096102327796477 0.8974449638928685 0.9866258442920066 0.986535808193153
17 0.0 0.8084482976564225 -0.3045877374261174 1.3001734696852674 -0.3058257106729344 0.8963901749215518 0.8946542586838373 0.9980634367864792 0.9980615598305174
18 0.0 0.8065115744779109 -0.3046048994758277 1.2973671701002336 -0.30585787692666966 0.8942427776992519 0.8927232333757291 0.9983007474464236 0.9982993024891295
19 0.0 0.8068357089242117 -0.3047208776937733 1.295799026953939 -0.30576084826306854 0.8946021710381455 0.8916441881738623 0.9966935214779876 0.9966880460256465
20 0.0 0.8047318683163125 -0.3047605275042111 1.2847065793486812 -0.30599334416321594 0.8922694775857768 0.8840114332218069 0.9907448987425707 0.9907018711807071
21 0.0 0.7979804668927567 -0.30468765546779636 1.2724817133593032 -0.3055934572911981 0.8847836681399899 0.8755994569169191 0.9896198228405617 0.9895656677318196
22 0.0 0.8046899862524398 -0.30491293797212404 1.2872392046835428 -0.30571285723546493 0.8922230396494613 0.8857541422481902 0.9927496857693647 0.9927233066125553
23 0.0 0.7930580137186876 -0.3047073082785752 1.2737109422829196 -0.3060682519314999 0.8793257573811473 0.8764452939663991 0.9967242362792523 0.9967188621631079
24 0.0 0.797459793136834 -0.3047957605587596 1.2793297395225978 -0.3057899221340498 0.8842063562197328 0.8803116094976459 0.9955952061476484 0.9955854836303654
25 0.0 0.7937194535440114 -0.3050404129944132 1.263230759188776 -0.3059638504350988 0.8800591477073324 0.8692338405291653 0.987699341338172 0.9876232200655187
26 0.0 0.7896028197607632 -0.30476135964065987 1.2667192470080966 -0.30590384139368565 0.8754947122477601 0.8716342821292216 0.9955905728903522 0.9955808298861011
27 0.0 0.7903448626436459 -0.3045788042818734 1.2677422234948563 -0.3057415293744072 0.8763174735195876 0.8723381961005123 0.9954590915514978 0.9954487581652485
28 0.0 0.7802074964627546 -0.3045267165271013 1.247444528452778 -0.30603124766564554 0.8650773787968019 0.8583712757362189 0.9922479731582968 0.9922178092826327
29 0.0 0.7804934094925624 -0.30525394496730257 1.604216016953138 -0.30610962063189306 0.8653943930468717 1.103867079954624 1.2755653246933345 1.2421950463939953
30 0.0 0.7026581480459131 -0.3046575206026525 2.1945115091232488 -0.3063172781535442 0.7790923205142407 1.510051630143685 1.9382191177894987 1.6386311436809016
31 0.0 0.7051121922008552 -0.3050273751629672 2.459148403679959 -0.3065704766177436 0.7818133121666329 1.6921492734507269 2.1643904588440526 1.7359334911339626
32 0.001 0.7063122357170366 -0.3054835854952317 2.6403791325063857 -0.3068074452225891 0.7831438947413029 1.8168548201561114 2.3199501807471488 1.7951626433443022
33 0.001 0.7199101655267972 -0.305551023102643 2.7504825809802926 -0.30701653638691667 0.7982209883737301 1.8926174175092187 2.371044416365419 1.8134241184775886
34 0.001 0.7208973389566413 -0.3061106603240839 2.8430659109152305 -0.3071059933230711 0.7993155451512273 1.9563243553453473 2.447499447762171 1.8397387554053224
35 0.001 0.7299810849979841 -0.3059963220446911 2.8817075992118633 -0.3070101366410449 0.809387408406486 1.9829138465196938 2.449894606618152 1.8405442901569962
36 0.001 0.7375066668502754 -0.305919016953467 2.8297923666872684 -0.306949619042425 0.8177316125473286 1.9471907795969903 2.3812101057598416 1.8169915873651097
37 0.001 0.7433021655046606 -0.3062153401139104 2.804583307338544 -0.3069681906000299 0.8241575374551076 1.9298443309656323 2.3415964099833912 1.8029673517575149
38 0.001 0.7424635046180839 -0.30581996096936515 2.7730355984506936 -0.30687756126717025 0.8232276482080183 1.9081362337260652 2.3178719007793886 1.79440794593053
39 0.001 0.7488907746204263 -0.3060193882689846 2.730540279743328 -0.3066815395336331 0.8303540676690637 1.8788950449600195 2.2627637030000676 1.7740454522274924
40 0.001 0.7492127297016551 -0.3055953854994174 2.696098626670529 -0.306709708678986 0.8307110445745952 1.8551956138332253 2.2332622467819307 1.762859398744657
41 0.001 0.7540798115014177 -0.305534392090147 2.664182005375712 -0.3066583973645523 0.8361075607383299 1.8332336665777416 2.1925811374781654 1.7470952725230913
42 0.001 0.7570168119814747 -0.30547909842063786 2.6295525687313734 -0.3065396255088869 0.8393640440306999 1.8094050208685044 2.155685645264935 1.7324466218611008
43 0.001 0.752593510079554 -0.30536820411978005 2.6017763509156144 -0.30649196816494473 0.8344595815225994 1.7902921008325232 2.145450948703664 1.7283222452893372
44 0.001 0.7503818399030182 -0.3054050798128503 2.57686382229107 -0.306531858023578 0.8320073289516424 1.7731496961086928 2.131170765458186 1.7225225643627018
45 0.001 0.7505748103582408 -0.3053733398690667 2.5474961432983227 -0.30637362955182634 0.8322212904636069 1.7529416856461495 2.10634083233996 1.7123112961861109
46 0.001 0.7533365799361003 -0.30540745135679376 2.5129296683267173 -0.3062285843980486 0.8352834814808519 1.7291563641009244 2.0701431339637524 1.697129148231033
47 0.001 0.7506450237002127 -0.3049955366131065 2.4954772493483968 -0.30613179394535245 0.8322991415149041 1.717147288906467 2.0631371621758636 1.6941492371309135
48 0.001 0.7461302186266451 -0.30514482973390356 2.4723021453034164 -0.306356669063144 0.8272932222478789 1.7012004125759557 2.0563451589190356 1.6912472930856033
49 0.001 0.7424652604466847 -0.3054210843162395 2.461190735646437 -0.3065174772424504 0.8232295950332034 1.6935546097647325 2.0572081227187007 1.691616717136386
50 0.001 0.7429646853421441 -0.30539902179523787 2.4330914850027088 -0.30648692022642027 0.8237833466716182 1.6742194096238456 2.032354036274581 1.6808928139162052
51 0.001 0.7430153528978218 -0.30528270721962947 2.41700726237758 -0.30668929857576954 0.8238395257732732 1.6631517954902686 2.01878125952891 1.6749619610980981
52 0.001 0.7394772846489237 -0.3055059509037929 2.3920075231232767 -0.3063727913107052 0.8199165913992287 1.6459493808038175 2.0074595368230352 1.669973793155187
53 0.001 0.736307691655116 -0.30553949679008435 2.3758038932262697 -0.3067052051869818 0.81640221450415 1.634799602076981 2.00244386043207 1.6677519427709215
54 0.001 0.739962617495928 -0.3056675230881543 2.347612996949911 -0.3065888103989872 0.8204547180758294 1.6154013402313028 1.9689098065275572 1.652704103302347
55 0.001 0.738234028174278 -0.3055160889413189 2.3323104117104045 -0.3066948240952344 0.8185380952207957 1.6048715737250605 1.9606559341531393 1.648948040919806
56 0.001 0.7341353991269465 -0.30558259145061084 2.316401526587292 -0.30668571202190575 0.8139936230271794 1.5939246099866373 1.9581536819157808 1.6478052088864121
57 0.001 0.7329708456018582 -0.30547757170891854 2.291222952481159 -0.30664523713190583 0.8127023909952913 1.576599138365461 1.9399464746678658 1.6394310119364022
58 0.001 0.7339033970917797 -0.3054369280076267 2.2649223019927125 -0.3066450016086115 0.8137363841344905 1.5585015617618254 1.91524133877765 1.6279009059067522
59 0.001 0.730167659648402 -0.3054730282827207 2.2531242664000444 -0.3068507337536778 0.8095942783869274 1.550383289059615 1.9150126556584235 1.6277932645556537
60 0.001 0.7277396494863211 -0.3058174998020851 2.2407080437194473 -0.306685736434246 0.8069021526687977 1.5418396394951825 1.910813640037528 1.6258137776390145
61 0.001 0.7253371227153429 -0.3058037188630931 2.2262117115424527 -0.30678965920119217 0.8042382823894814 1.5318646587562024 1.904739792048772 1.6229403367044046
62 0.001 0.7253895002474605 -0.30578262059577715 2.1997556361113295 -0.306563942154671 0.8042963574764262 1.5136601336644506 1.8819681571277236 1.6120596127659688
63 0.001 0.7266099711466512 -0.3053605199553717 2.1730721784626876 -0.3068304111211156 0.8056495894963137 1.4952991460128984 1.8560167664800133 1.5994479980137077
64 0.001 0.7263706469642763 -0.30543460951782647 2.1609846584469796 -0.30655514009022056 0.8053842319634649 1.486981677989499 1.8463009567052884 1.5946672327194218
65 0.001 0.723234019220077 -0.30541026232638996 2.1571339425454394 -0.30666686966759904 0.8019064062318292 1.4843319858825461 1.851004025341867 1.5969854954798404
66 0.001 0.7179695429763548 -0.30537173773663284 2.138226026315946 -0.30680406471851746 0.796069267611264 1.4713213775506837 1.8482328578838676 1.595620442714837
67 0.001 0.7163879146208381 -0.305600665168651 2.1056240143312683 -0.3066579808323338 0.7943155919311092 1.4488878103815168 1.824070715846125 1.5836048730806824
68 0.001 0.7208076132317777 -0.3054504546643617 2.088452281298533 -0.3066244370721801 0.7992160591872657 1.4370718762427919 1.7981018520876206 1.5704594716537348
69 0.001 0.7182920044110779 -0.3054702005667136 2.0873547027741473 -0.3067800798605076 0.7964268059507159 1.436316628328589 1.803450885375486 1.5731870599672546
70 0.001 0.713864430531614 -0.3056143963988149 2.069278987296852 -0.30671976867839296 0.7915176067653187 1.4238786604669358 1.798922283341082 1.5708785042701552
71 0.001 0.709624913353357 -0.30554523475949086 2.0418732757949805 -0.30673730968895063 0.7868169208265676 1.4050206872202233 1.785702175474594 1.564096321847999
72 0.001 0.7173414620453931 -0.30572923887947917 2.0330870581376472 -0.3067718032636331 0.7953728649134022 1.3989748577765884 1.75889186001952 1.5501425199131584
73 0.001 0.7110490162303102 -0.3055728229785755 2.0208877556887828 -0.30673722379181956 0.7883959356264986 1.3905804718401558 1.7638097927726268 1.552722401353373
74 0.001 0.7095587932505397 -0.30559676079003306 2.013122258782533 -0.30674713481642335 0.7867436082712663 1.3852370041876014 1.7607222856648577 1.551103810488243
75 0.001 0.709190195140719 -0.3056655019297238 1.9881606050652108 -0.30675247435613356 0.7863349145736042 1.368060796302511 1.739794038071363 1.540036241988562
76 0.001 0.7050863945157176 -0.3057110340776932 1.9656497647608726 -0.30672671734704327 0.7817847082453183 1.3525710023523982 1.7301067520087274 1.5348558267705377
77 0.001 0.706508652969745 -0.30560289983349437 1.9543847844358297 -0.3068719685370645 0.783361677988572 1.3448195269864005 1.7167287662570843 1.5276410182416127
78 0.001 0.7022457403008011 -0.30554537613940225 1.9492140911453415 -0.3068256426480488 0.7786350516303163 1.341261553469372 1.722580496037291 1.5308056067315585
79 0.001 0.6980677989876894 -0.3055695966071208 1.9246839381095988 -0.30676781636740247 0.7740026396933642 1.3243822628275579 1.7110823592956181 1.5245745167847784
80 0.001 0.6991380617302808 -0.30568727740465396 1.9192089642451982 -0.306618174591472 0.7751893241230607 1.3206149127022286 1.7036030703804972 1.5204928771452195
81 0.001 0.7001754320064332 -0.3055395410836556 1.9065076893601223 -0.306711477708517 0.7763395380897352 1.3118751176428831 1.6898213388318328 1.5129123848288129
82 0.001 0.6995331340363222 -0.3062265168769779 1.893562934730999 -0.307395605991815 0.7756273718430519 1.3029677832551374 1.6798888623012558 1.5074007895367916
83 0.001 0.6999447201971729 -0.3063381635390482 1.8778058220788458 -0.30774481587291413 0.776083729771926 1.2921252547252926 1.664930219713561 1.4990226121455674
84 0.001 0.6963755284202685 -0.3068542098290793 1.877615751591044 -0.30797781507961497 0.7721262862959455 1.291994466507161 1.673294238828643 1.5037187669425123
85 0.001 0.6925658963946719 -0.3069949963356924 1.8597193965258203 -0.30797463711563905 0.7679022478166628 1.2796799172202138 1.6664620019783276 1.499884867276458
86 0.001 0.6928916230067398 -0.3067567579261121 1.8499347709105547 -0.30811930502218743 0.7682634065148932 1.2729470795024564 1.6569148923505048 1.4944944937768398
87 0.001 0.6900490686135629 -0.3069507466620853 1.8374077270738356 -0.3081574767216343 0.7651116430228921 1.2643271734833368 1.6524740997118876 1.4919739648223216
88 0.001 0.6926419729892295 -0.3071434553938401 1.821257026975358 -0.30814283549494326 0.7679865999169772 1.2532138159501098 1.631817294840285 1.4801376570318705
89 0.001 0.6910475978805611 -0.30722426418983645 1.8081718086369014 -0.3084283130453334 0.7662187909096569 1.2442098279552296 1.6238310032544365 1.475511572567498
90 0.001 0.6868610270602118 -0.3071820196789383 1.7854316959717833 -0.3083367648969633 0.7615768107597163 1.228562270830623 1.6131823520270556 1.4692993212290812
91 0.001 0.6871796339592272 -0.3071023928274793 1.7748977689611645 -0.3082955290977159 0.761930075272447 1.2213138360021565 1.6029211546288489 1.4632650155819409
92 0.001 0.6854871057061864 -0.30708923868812754 1.7656217579197488 -0.30822355897780973 0.7600534361587264 1.2149309778872237 1.5984810015825026 1.4606391204846378
93 0.001 0.6857970763298586 -0.30710505871472993 1.7508510002600701 -0.3082215427454585 0.760397124954138 1.204767163940599 1.5843920556817759 1.4522472156629582
94 0.001 0.6824950975615603 -0.3070770496660631 1.7400985653473826 -0.3082266885991744 0.7567359615448237 1.1973683730021982 1.5822802587019311 1.45098145853048
95 0.001 0.6836056808387585 -0.30710530992675794 1.72917667758376 -0.3081718604177227 0.757967352520596 1.189852980919204 1.5697944996738795 1.4434553033296549
96 0.001 0.6809318903632524 -0.30691564806475724 1.7117818373501879 -0.30803354414203055 0.755002710849644 1.1778835258757492 1.5601050286961424 1.437564101798904
97 0.001 0.6786991834396907 -0.307145892662225 1.7000634590549153 -0.3080341292533311 0.7525271331836859 1.1698200656597277 1.5545221083399579 1.4341493906273617
98 0.001 0.6801884661263933 -0.30689056959901684 1.6859883207949722 -0.3078818311579147 0.7541784179620828 1.1601349100405547 1.5382764640433952 1.4241275303683332
99 0.001 0.6817365577176587 -0.3067247193949752 1.6719517808971271 -0.3078764591480399 0.7558949087955866 1.1504763140996357 1.5220056395574348 1.4139607234574123
100 0.0 0.6716016991588551 -0.3069416698249396 1.6673010085265123 -0.30788912400128327 0.7446575944705189 1.1472761001246905 1.5406760216290405 1.4256158731189723
101 0.0 0.6743681022273702 -0.30665890069884283 1.6538830776571984 -0.30781352803697 0.7477249230030648 1.1380431713849102 1.5220078084521005 1.4139620874310348
102 0.0 0.6723820410346629 -0.3066486620537593 1.6442375362269979 -0.30790634493434477 0.7455228208462583 1.1314060380184454 1.5176008116480768 1.411185768016371
103 0.0 0.6715262804464869 -0.30671092425696933 1.6267094885296638 -0.307857312319157 0.7445739718159 1.1193449224177485 1.5033360885391152 1.402132251313366
104 0.0 0.6714490046272507 -0.30675360063070817 1.6156897752038124 -0.30778483239795673 0.7444882900409205 1.1117622161971437 1.4933239797983069 1.3957159067938
105 0.0 0.6685652480920576 -0.30652609876802334 1.6055289405906974 -0.3077596417663375 0.7412908424954111 1.1047705076518168 1.4903334080491568 1.3937893668890444
106 0.0 0.6735634566197365 -0.30700363800916264 1.6038920940181536 -0.308066876059603 0.7468327491694783 1.1036441873637304 1.477766191414406 1.3856426753015614
107 0.0 0.6674249236984441 -0.3070645368291012 1.5932975118841264 -0.30836496009098097 0.7400264752060969 1.0963540155165248 1.481506476117886 1.388075937541911
108 0.0 0.6702784523324349 -0.3074178340906872 1.5887264482724917 -0.30836699034059584 0.7431904067015079 1.0932086494386786 1.4709671163418967 1.3812006345427472
109 0.0 0.6590904794330895 -0.3072996878730152 1.5736015624471156 -0.3085591984391209 0.73078542172803 1.0828011585682065 1.481695072690138 1.3881984358118455
110 0.0 0.6716118724558926 -0.3074915729084955 1.5615949530199573 -0.3085950777477004 0.7446688744046067 1.0745393654253568 1.4429760694436102 1.3626528110400185
111 0.0 0.6617176465601404 -0.30770303022769485 1.5598339640668089 -0.30871140087971516 0.7336983684277658 1.0733276222978718 1.462900380435483 1.3758985821047576
112 0.0 0.6604179302656608 -0.307793695681307 1.5541152933600166 -0.3085252637270858 0.7322572708091124 1.069392583457954 1.4604055515574763 1.3742517580209752
113 0.0 0.6674222650949446 -0.3078075373410761 1.5338279296101167 -0.3088489359292303 0.7400235274034199 1.0554327720946983 1.426215158047718 1.3513416002154375
114 0.0 0.6648518494261919 -0.3077206573457233 1.5147647931691166 -0.3088962403514969 0.7371735055063938 1.0423153561510086 1.4139349126973855 1.3429544935284483
115 0.0 0.6659004822262687 -0.30750868703284484 1.5095145042996725 -0.3086965426711617 0.7383362071186234 1.038702612616482 1.4068152185981053 1.3380527224977932
116 0.0 0.6561511629576592 -0.3076600408209599 1.5021220683405927 -0.30843748569628704 0.7275263705095432 1.0336158496059744 1.4207263014838254 1.3476033628633968
117 0.0 0.6628578977728438 -0.30788706618833783 1.4928086180752629 -0.3086927571289765 0.7349626545756526 1.0272072294201353 1.3976318701706236 1.3316871744304324
118 0.0 0.6489190906064702 -0.30776011089748184 1.483698633244213 -0.3085150969891966 0.719507603423608 1.0209386145655215 1.4189406890318113 1.3463835975238347
119 0.0 0.6625188099963897 -0.30734299082320893 1.4743095288384809 -0.3086324914583958 0.7345866813042257 1.0144779364808896 1.381018690237794 1.3200467865287875
120 0.0 0.6525440302696318 -0.3075464022582841 1.4592875075528116 -0.308465724988231 0.7235268589630914 1.0041412270873988 1.3878423650042024 1.3248475449538477
121 0.0 0.6557283778796823 -0.30754402535747416 1.4609343962266355 -0.30856576198174346 0.727057595460971 1.0052744573831771 1.3826613787671254 1.3212050039314678
122 0.0 0.6504574833019284 -0.30743897309783247 1.4496924064643861 -0.3085023229535493 0.7212133403289579 0.9975388019099801 1.3831396982410022 1.3215419545264577
123 0.0 0.6579352835366088 -0.30758021403192565 1.4365838129057535 -0.3085558305989372 0.7295045652345266 0.9885187293381063 1.3550548912881852 1.3015257882961486
124 0.0 0.6585311923234423 -0.30755370631478207 1.4294548659723094 -0.30857078548710065 0.7301652961473325 0.9836132741179803 1.3471104136391427 1.2957768084723
125 0.0 0.6443505962172638 -0.3074178082673949 1.4215848085672738 -0.30863315883348863 0.7144421545921364 0.9781978579926184 1.369177128904237 1.3116500867750518
126 0.0 0.6527765899642265 -0.307390999776263 1.4119724644928169 -0.30872053695542523 0.7237847161766222 0.9715835678516044 1.3423654107867522 1.2923245102665333
127 0.0 0.6553984782296227 -0.3077883541513849 1.4098595494765662 -0.30864345777455476 0.7266918097875016 0.9701296630753569 1.3349946290973627 1.2869339611516462
128 0.0 0.6509327526252611 -0.30772133699838206 1.3842505755701258 -0.30879252177357025 0.7217403087858301 0.9525080317314514 1.3197378892885134 1.2756672559989788
129 0.0 0.6524759209822003 -0.30794715568568437 1.393595766943412 -0.3087089401427483 0.7234513408424503 0.9589384930931572 1.325505170778293 1.2799436224597633
130 0.0 0.6423208958557336 -0.30795420853695377 1.383059711021851 -0.30911581314907116 0.7121916662586406 0.9516885933530576 1.3362815635748269 1.2878775990170213
131 0.0 0.6424352911317248 -0.3084076660443384 1.369874070150418 -0.3087067990137092 0.712318505293064 0.9426155042352194 1.3233062137665594 1.2783156278331589
132 0.0 0.6412491273298851 -0.3078391967093299 1.3638021119249097 -0.3088579449546874 0.7110033122486863 0.9384373669238064 1.3198776303246966 1.2757711235656215
133 0.0 0.6404914049192278 -0.3078309465654389 1.3561228102473724 -0.309084431934251 0.7101631658519408 0.9331532105325906 1.313998325178048 1.2713902786890632
134 0.0 0.6437323236600238 -0.3077443393202924 1.3498792196340326 -0.30888892456104666 0.7137566272091979 0.9288569723290414 1.3013637098696933 1.2619001147686968
135 0.0 0.6461652763046969 -0.30785024560134755 1.3334327542230011 -0.30863397711418916 0.7164542330462766 0.9175400975709082 1.2806681226093657 1.2461279831352639
136 0.0 0.6383478254427598 -0.3077372926582922 1.3266989995718934 -0.3087192519733058 0.7077864107923538 0.9129065756478651 1.2898051753012367 1.2531264916571878
137 0.0 0.6391815900393905 -0.3079275648951115 1.3238564607988335 -0.30881507269726916 0.7087108711379116 0.9109506140180623 1.2853628342901429 1.2497308786232884
138 0.0 0.6360652934935445 -0.30749140056840163 1.3156670851623147 -0.3085191081629235 0.7052555882040048 0.9053154738156194 1.2836700466579565 1.248433478446761
139 0.0 0.6329305723901799 -0.3073210466529698 1.2989757951476368 -0.30828385007756565 0.7017798765149322 0.8938301343261331 1.2736616768849662 1.2407233052015874
140 0.0 0.6360508954372515 -0.3075447797357112 1.2968868662448163 -0.308404187685737 0.7052396239472472 0.8923927344848269 1.2653752060754588 1.234288082048179
141 0.0 0.6331531443889797 -0.307617222249765 1.2884003459610265 -0.3087579773777641 0.7020266595850619 0.8865531279320665 1.2628482349318049 1.2323162736892308
142 0.0 0.6370859471180356 -0.3077620276250548 1.2868753549524452 -0.3087149670211942 0.7063872671049859 0.8855037758785963 1.2535670121967097 1.2250361412146695
143 0.0 0.632842223643374 -0.30786154913534514 1.2770750603398742 -0.30877175535505896 0.7016819173147792 0.8787601562648109 1.2523625514359567 1.2240869715002738
144 0.0 0.6308952590396537 -0.30789375001284164 1.270079851677206 -0.30873484011177715 0.6995231646193328 0.8739467268522317 1.249346370577759 1.2217056242109239
145 0.0 0.6250336024142564 -0.30798435123012285 1.2666393906784705 -0.3087932296260908 0.6930238851688082 0.8715793326882058 1.2576468882827965 1.2282437431823248
146 0.0 0.631350319754214 -0.3079140532592525 1.2613312654824704 -0.3089028731628978 0.7000277262031807 0.8679267917596648 1.2398463078985988 1.2141631834762987
147 0.0 0.6283299829072311 -0.307929010027085 1.2512496243884106 -0.30885628184484415 0.6966788413302242 0.8609895765729052 1.2358486084189804 1.2109701055168975
148 0.0 0.6306070248061013 -0.30790409913239897 1.2448425081437364 -0.3087400159660178 0.6992035766682153 0.8565808157668816 1.2250807123278555 1.2023124024947198
149 0.0 0.625807065747626 -0.30798403841988414 1.2458323131552682 -0.30885818128870174 0.6938814847638651 0.8572619043212019 1.2354586815541515 1.210658048388042
150 0.0 0.6239534083540965 -0.3079446178626715 1.2341955372602074 -0.30882920401692027 0.6918261891066817 0.8492545950239389 1.2275548517764787 1.2043090894888657
151 0.0 0.6246239515996964 -0.3080283566650932 1.230806250376075 -0.30892269514704707 0.6925696731104927 0.846922413960804 1.222869621415961 1.2005242406200987
152 0.0 0.6257053513421391 -0.30794634433273665 1.2323751337191151 -0.3087383112552185 0.6937687060073376 0.8480019684948376 1.2223122218572204 1.200072896752042
153 0.0 0.6206226229061749 -0.308024287595034 1.219002245729234 -0.30883147127986765 0.6881330854673473 0.8388000339299482 1.2189503043009116 1.1973458385945175
154 0.0 0.6209421240416376 -0.30781900374525606 1.2078253985953962 -0.30904802639239026 0.6884873414903179 0.8311092033445749 1.207152482347074 1.1877101686484202
155 0.0 0.6201936676687957 -0.30804717423943395 1.2037586251186012 -0.3088906612344386 0.6876574690780464 0.8283108412067921 1.2045398740703304 1.1855624173335366
156 0.0 0.6184012406156616 -0.3083356856192335 1.1976059186996708 -0.3090842812871159 0.6856700643122121 0.824077140759528 1.201856670797128 1.18335132660933
157 0.0 0.6210916826763999 -0.30865465599724945 1.1936151966111366 -0.30884298215073 0.6886531689045932 0.8213311098682846 1.1926629353564666 1.1757342017779353
158 0.0 0.622311712252358 -0.3082987080040854 1.1913490421062956 -0.3088935086821868 0.6900059115947229 0.8197717604231045 1.1880648363265038 1.171900606603817
159 0.0 0.618370005055713 -0.30812255553223594 1.1807172673331285 -0.3087068616705055 0.6856354309916557 0.8124559961809039 1.1849679282265557 1.1693095132766422
160 0.0 0.620037611763 -0.3079675009587177 1.1738505732378615 -0.30892028849763603 0.6874844376286646 0.807730998125916 1.1749080472454285 1.1608417859016649
161 0.0 0.6113872185955043 -0.3082461761737548 1.1703728382672183 -0.3087025920863957 0.6778930667679307 0.8053379556015113 1.1880014637724714 1.171847658134859
162 0.0 0.6155179825208074 -0.3080666377435476 1.1641140002938155 -0.30880460096105156 0.6824731694266857 0.8010312256321078 1.1737182669100639 1.1598351263404563
163 0.0 0.6122173677279759 -0.30782385546564456 1.1554099879546256 -0.3086277624049663 0.6788135183641854 0.7950419619773295 1.1712229360034447 1.157720271985164
164 0.0 0.611800654824794 -0.30779266041776565 1.1500986361473309 -0.3085764494411844 0.678351476013106 0.791387200805411 1.1666329753664768 1.1538174460197086
165 0.0 0.6119631074920944 -0.3077153463731603 1.1376192404133978 -0.30863132904882584 0.6785316000547794 0.7828000816251782 1.1536678344265483 1.1427033751167714
166 0.0 0.6133667273715252 -0.307864846641599 1.1351193230066388 -0.3085796271726646 0.6800879037453107 0.7810798790472436 1.148498414316385 1.1382346045283303
167 0.0 0.6041219614031184 -0.3080943571695688 1.136856011785566 -0.3088024186224095 0.6698375050400976 0.7822749011333747 1.167857719592077 1.1548604579304793
168 0.0 0.6070521491701334 -0.3080515561915063 1.1303792013941196 -0.3088836493654462 0.6730864345420111 0.7778181835226101 1.1555992568054974 1.1443675175840324
169 0.0 0.6050741168811651 -0.3080998249369596 1.123457194749575 -0.308943455425302 0.6708932346618842 0.7730551246942534 1.1522774187518177 1.1415035231286577
170 0.0 0.6058068420242639 -0.3081713839168213 1.1224816164927764 -0.30887124585308234 0.6717056646232012 0.7723838256234182 1.1498843411670396 1.1394347949766235
171 0.0 0.6033605843239408 -0.3083718275118861 1.1151191781822256 -0.30908078824704904 0.668993306425092 0.7673177041077825 1.1469736643675972 1.1369124054075335
172 0.0 0.6042263420857431 -0.30807052770879906 1.110612055562226 -0.3090156795338846 0.6699532401076681 0.764216336066971 1.140701007646674 1.1314532082192552
173 0.0 0.6004190946396802 -0.3082662671678285 1.1074426715655714 -0.30906301947669723 0.6657318455991521 0.7620354710084817 1.1446582825291425 1.134901008433428
174 0.0 0.6005100913879717 -0.3084868350498892 1.105086477374805 -0.3092030497956066 0.6658327408466957 0.7604141649164834 1.1420498246294026 1.1326298044014722
175 0.0 0.5984545171170398 -0.3083426454640978 1.0978432822147224 -0.30915668506452676 0.663553564076052 0.7554300950615472 1.1384613631205889 1.129496249507671
176 0.0 0.599670009607762 -0.30843746012064793 1.0971190923331373 -0.3090880771329008 0.6649012761431474 0.7549317772779882 1.1354043139412746 1.1268184325162867
177 0.0 0.5977943737762633 -0.3083936015463408 1.0942872752415547 -0.3092468483586616 0.6628216112641935 0.7529831932775691 1.1360269195831008 1.1273644244236862
178 0.0 0.5972436453630294 -0.3085098787158127 1.0916571062294937 -0.30911021356589363 0.6622109753829577 0.7511733640797251 1.1343414591480008 1.1258856295670967
179 0.0 0.5954882105166821 -0.30857282705639716 1.0852452664010521 -0.3091628143813081 0.6602645867845252 0.7467613529579302 1.1310031885772376 1.1229497818487093
180 0.0 0.5959850059142927 -0.3084766519431625 1.0828925352685366 -0.309038170250557 0.660815422891986 0.7451424298093503 1.1276105308624855 1.1199566640711778
181 0.0 0.5939318872994598 -0.3085982686887036 1.0796073315042105 -0.3093417993771355 0.6585389689002838 0.7428818687327503 1.128075791738359 1.1203676976502213
182 0.0 0.5944877168079356 -0.3086411324984779 1.077268195526181 -0.30914630551129857 0.659155260766781 0.7412723004611478 1.1245792070275549 1.1172742410501613
183 0.0 0.5924498419030414 -0.308448254346772 1.073703675672256 -0.30925515263390285 0.6568957086745053 0.7388195409318759 1.1247136054864444 1.1173933326020113
184 0.0 0.5915517481597581 -0.30878729154839135 1.0743978660003117 -0.30915077019979137 0.6558999215475222 0.7392972159097252 1.1271494196331606 1.1195491190788922
185 0.0 0.5934232218728087 -0.3088669381281216 1.0631997202579675 -0.3090819555387612 0.6579749715585935 0.7315917296716652 1.111883827341776 1.105956422311926
186 0.0 0.5881829160323254 -0.3086379162789193 1.0620654089523471 -0.309089710162236 0.6521646325639908 0.730811205792423 1.1205931283320785 1.113735281625598
187 0.0 0.586178073168828 -0.30834543668097486 1.058681678783704 -0.3091013127844222 0.6499417056924639 0.7284828483261332 1.120843364790677 1.113957840354329
188 0.0 0.5893497767697664 -0.30868502865584757 1.0534147506552138 -0.3090637741137234 0.6534584227835706 0.7248586552548225 1.1092651498271378 1.1036049449127745
189 0.0 0.5851805961746422 -0.30877664194459753 1.0480275555035343 -0.30911557997956385 0.6488357245432793 0.7211517059921386 1.1114549934804578 1.1055717444365118
190 0.0 0.58249721257513 -0.30844018678069074 1.0448729566048658 -0.3091134690961808 0.6458604462216831 0.7189810146152285 1.1132141917364724 1.1071488088421761
191 0.0 0.5856722198784012 -0.3084629471089435 1.039277672876672 -0.3091552918653181 0.6493808263872507 0.7151308788197451 1.1012503753741647 1.096371547684921
192 0.0 0.5818695363394987 -0.30848271152381346 1.0397311118690793 -0.3089259501219917 0.645164492241345 0.7154428918972837 1.10893097884508 1.1033044513431485
193 0.0 0.5812949469958021 -0.3084794030867702 1.032658317745524 -0.30899610051046056 0.6445273998709394 0.7105760756370161 1.1024761333332025 1.0974813760865287
194 0.0 0.5824813579265196 -0.3084651401686184 1.0287132892443862 -0.3089897044767307 0.6458428669265293 0.7078614866752629 1.096027413051523 1.0916280125475273
195 0.0 0.5792104972772403 -0.3085561402787249 1.0300594087888093 -0.30888341659665197 0.6422162066217815 0.7087877566009269 1.1036590937642767 1.0985512282589378
196 0.0 0.577896640279105 -0.30851439479176024 1.0205086233595575 -0.30909872612888256 0.6407594300934686 0.7022158251954014 1.0959118074828302 1.09152275123448
197 0.0 0.5784944545294618 -0.3084302944066506 1.0195826225625053 -0.30897161489915836 0.64142227374346 0.7015786405612403 1.0937859024861993 1.089584997563348
198 0.0 0.5796389024872951 -0.3087072806187328 1.014029181347201 -0.30894617777760225 0.6426912131525535 0.6977572967563825 1.0856804675043195 1.0821606845720169
199 0.0 0.5785761017047569 -0.308241397472861 1.009960896687854 -0.3089167643215439 0.6415128023845083 0.6949578947681969 1.0833110300917344 1.0799794451124909
200 0.0 0.5713778568330181 -0.3081890767125433 1.0085320981068775 -0.30890831086071024 0.6335315424840164 0.693974733086255 1.0954067580680302 1.0910627568615798
201 0.0 0.5759853595078508 -0.30839615406539567 1.0074340695361403 -0.3089859451157021 0.6386402428679709 0.6932191754934638 1.085461154750275 1.0819589993854464
202 0.0 0.5750545349731517 -0.3084809440268057 1.0024161857034415 -0.30882449760786923 0.6376081645397724 0.689766350739555 1.0818028831820723 1.0785885002301805
203 0.0 0.5742052462472428 -0.308247505979294 0.999632530306381 -0.3089140353109628 0.6366664913718243 0.6878509069824298 1.0803943922041799 1.0772876455593614
204 0.0 0.5762545602098288 -0.30821714919382376 0.9968254756031902 -0.30879374854193625 0.6389387268465192 0.6859193620746752 1.0735291715060515 1.0709217622944227
205 0.0 0.5719962581604711 -0.30830167358004307 0.9946614645603116 -0.3087382457227585 0.634217212644612 0.6844302979301662 1.079173324666121 1.076158465219666
206 0.0 0.5723158378230754 -0.30801286932128674 0.9869103005896123 -0.30868821836156074 0.6345715557367969 0.6790966928245171 1.070165667977384 1.0677874906948275
207 0.0 0.5720890581556876 -0.3079680187174171 0.9918330186604785 -0.30867870253877355 0.6343201072937639 0.68248403365948 1.0759300009756914 1.0731527565380374
208 0.0 0.5665500457269901 -0.3081670471503907 0.9808252389966525 -0.3087849482563662 0.6281785688252607 0.6749095390366362 1.0743912201569783 1.0717234236571334
209 0.0 0.5691853580673019 -0.30830236947219797 0.9827381566660017 -0.3086562752127547 0.6311005467631856 0.6762258248856384 1.071502517869606 1.069034449393903
210 0.0 0.5637527207459857 -0.30810114674758127 0.9776739101091942 -0.30874099215974427 0.6250769547377504 0.6727410977667491 1.0762532399694626 1.073452735438558
211 0.0 0.5664435137662651 -0.30817155662578277 0.9769641349862045 -0.3085522833586256 0.6280604484665615 0.6722526988328403 1.0703630525917947 1.0679717042899413
212 0.0 0.5622375212505218 -0.308072740672388 0.9744936179370217 -0.30865756202392475 0.6233969339563137 0.6705527267516246 1.0756432863665888 1.072886595556602
213 0.0 0.5631065948607012 -0.30834023502013824 0.9705103059954976 -0.30874640733162384 0.6243605441806245 0.6678117948104326 1.069593203854403 1.067253027043955
214 0.0 0.5628038363608909 -0.30812421325975553 0.9659554495226885 -0.30868329762952945 0.6240248520338407 0.6646775809258202 1.0651460094249177 1.0630909476885453
215 0.0 0.564744510978088 -0.30800960471124783 0.963097958175106 -0.30867466403074983 0.6261766305268105 0.662711330373203 1.05834567766551 1.056691816441331
216 0.0 0.5551277013306325 -0.3083840646032429 0.9603948791641312 -0.3086834822829147 0.6155137177504966 0.660851331530654 1.0736581695463292 1.0710417663123752
217 0.0 0.5595926591374211 -0.30819292041825036 0.9565157945299654 -0.3085399049686515 0.6204643674346468 0.6581821187919941 1.0607895526914686 1.0589963711841175
218 0.0 0.5574217649299684 -0.30820335389709597 0.9550177277776032 -0.30868306570045295 0.6180573263857687 0.6571512934205781 1.0632529789160825 1.0613138374813467
219 0.0 0.5591248218130709 -0.3085224282615595 0.9555445211406922 -0.3086237549497226 0.6199456394192316 0.6575137819167078 1.060599091450454 1.0588169641556022
220 0.0 0.558771628733273 -0.308126324012834 0.9541163965335556 -0.30854426291981885 0.6195540264892535 0.6565310839987022 1.0596833462918187 1.0579539048070379
221 0.0 0.5551490111538343 -0.30846193037097397 0.9471470356896626 -0.3085274998629829 0.6155373456265189 0.6517354405675202 1.0588073090904946 1.0571275503354158
222 0.0 0.5548023402396158 -0.30801640623942755 0.9470584142045791 -0.3085825636798619 0.6151529643341872 0.6516744597900398 1.059369778857169 1.0576582015203853
223 0.0 0.5541442590174723 -0.30813348968197923 0.9424842217036633 -0.3084700385375426 0.6144232979553478 0.6485269407117012 1.0555051263027333 1.0540063126989823
224 0.0 0.5524318083276383 -0.30826321682749347 0.9416599419971214 -0.3085131789582469 0.6125245692699702 0.6479597507428251 1.0578510369226297 1.056224708090768
225 0.0 0.550786604765732 -0.307905286178988 0.9371013106908995 -0.3084625250477677 0.6107004027612228 0.6448229393811318 1.0558744295330855 1.0543558777038493
226 0.0 0.5496912608601405 -0.3080387395393514 0.9334004303482636 -0.30847862496587725 0.6094859088746272 0.6422763496862813 1.0538001622911994 1.0523908443275032
227 0.0 0.5490958519469434 -0.30810633353577266 0.9325399813378851 -0.30847820817765326 0.608825732211014 0.6416842714832844 1.0539703523255188 1.0525522213739973
228 0.0 0.5486100549632539 -0.3079300836598768 0.9278044275277231 -0.3083760090857493 0.6082870909095873 0.6384257190806474 1.0495467167090344 1.0483489508242017
229 0.0 0.5496977685314043 -0.30801831253761114 0.9270560437411377 -0.3082750512187941 0.6094931244412867 0.6379107533799855 1.0466250197075624 1.0455628356524485
230 0.0 0.5441967592173769 -0.3078406134054049 0.9256830084771298 -0.30818466759502783 0.6033937230132169 0.6369659626463573 1.0556390269780864 1.0541330712716417
231 0.0 0.5444441833881902 -0.3078645635329214 0.9174625319287969 -0.3081749113946203 0.6036680616399394 0.6313094217894231 1.0457890054252539 1.0447641524163298
232 0.0 0.5471751458957288 -0.3076161511451965 0.9181442402118066 -0.30797426418823903 0.6066960944367591 0.6317785078250906 1.0413426320332875 1.0405053334844703
233 0.0 0.5424051769541768 -0.30770248528040683 0.9151448482185494 -0.3080170652793889 0.6014072549323863 0.6297146149040334 1.0470685375666602 1.0459862839986884
234 0.0 0.5406926433495839 -0.30756120799335845 0.9103524804891857 -0.3077322037296205 0.5995084343128982 0.6264169686297312 1.044884329855464 1.0438991381567646
235 0.0 0.5389121329462272 -0.30755281226317754 0.9066828735585823 -0.30780053234938737 0.5975342424733691 0.6238918982874216 1.044110703522112 1.0431588205532185
236 0.0 0.5378110814777983 -0.3074255366812725 0.9063203369628334 -0.3077567005983446 0.5963134201632181 0.6236424354912041 1.0458299518406038 1.0448032856292588
237 0.0 0.5362865611518403 -0.3074838449409289 0.9021867620637103 -0.30778976235699135 0.5946230646443574 0.6207981070432591 1.0440195544963546 1.0430715590753739
238 0.0 0.5355988335818168 -0.30746217870960074 0.9005303805496253 -0.3078641936004492 0.5938605270293006 0.6196583446883634 1.0434408695053579 1.042517373664816
239 0.0 0.5363607808238737 -0.30755809736832534 0.9006597009970756 -0.30794911826643845 0.5947053578287077 0.61974733057505 1.0421082010052365 1.0412399313459577
240 0.0 0.534455521578484 -0.30756806304879597 0.898673230033933 -0.30795940550149287 0.5925928471422524 0.6183804324277147 1.0435165314765806 1.0425898501982138
241 0.0 0.5358100276906674 -0.307734597340142 0.8973738431356401 -0.3080372023826234 0.5940946945384954 0.6174863194117668 1.0393735629829897 1.038613389618916
242 0.0 0.5348145131186282 -0.3077010868547071 0.8943612890036278 -0.30800580730615335 0.592990889280999 0.6154133695734866 1.0378125207280584 1.0371108925315162
243 0.0 0.5342339231388595 -0.3077759843745879 0.892584094556341 -0.307951684037898 0.5923471435337061 0.6141904753844832 1.0368758963206415 1.0362082897512344
244 0.0 0.5310391066836163 -0.30767329739682087 0.8912347441137936 -0.3079055879629237 0.5888047994042677 0.613261982265658 1.0415369964479488 1.0406918870637356
245 0.0 0.5325179230465836 -0.30757912182709685 0.8907091258237356 -0.3080813778171769 0.5904444793468439 0.6129003023417042 1.0380320653005364 1.0373223424185214
246 0.0 0.5342979018776868 -0.30800141333374037 0.8892827044095384 -0.3080660780578795 0.5924180817904318 0.6119187763971714 1.032917115810854 1.0323841198982917
247 0.0 0.5318963610422206 -0.30812309105524993 0.8889352062914481 -0.30804078133423746 0.5897553046953161 0.6116796616340395 1.037175345035769 1.0364969516505869
248 0.0 0.528994404005233 -0.30746989874151764 0.8842913287335357 -0.30804468014937997 0.5865376768228339 0.6084841920056688 1.0374170595514258 1.0367298971764416
249 0.0 0.5303891118839466 -0.3077164001822119 0.884643910703351 -0.3082320641529373 0.5880840990776505 0.6087268049863096 1.0351016222697316 1.0344961862205024
250 0.0 0.5302749532372423 -0.30787458556606484 0.8804665399565114 -0.3082486417689176 0.5879575224127175 0.6058523404506918 1.0304355626993968 1.0299793436034324
251 0.0 0.5264259316506908 -0.3081395087764651 0.880174850690587 -0.3083452214868939 0.5836898096310252 0.6056516279688146 1.0376258382027816 1.0369310572111397
252 0.0 0.5234464426501723 -0.30785662270182773 0.8795368202086017 -0.30812371590388343 0.58038621597625 0.6052125967924467 1.0427756210137364 1.0418799016139706
253 0.0 0.5270272019168578 -0.3079581698627557 0.8748282238588967 -0.3082324186268967 0.5843564852374022 0.6019725939198249 1.0301461678401087 1.0296985195624426
254 0.0 0.5246010398482175 -0.30783355240185006 0.8733476134834286 -0.30825109514206656 0.5816664086457378 0.6009537803470602 1.0331588199260604 1.0326180321980616
255 0.0 0.5264740077011424 -0.3077983668798228 0.8727138260964706 -0.3081123190010068 0.5837431153271332 0.6005176688603527 1.0287361907879957 1.0283291547895483
256 0.0 0.5191134665473612 -0.3080661011370939 0.8693802063819022 -0.30814370116787715 0.575581904781596 0.5982237925861406 1.0393373864196374 1.0385785958533327
257 0.0 0.5226593577657548 -0.30776346802062626 0.8662635870589224 -0.3080915829113718 0.5795135130968372 0.5960792350982269 1.0285855663880292 1.028182756361544
258 0.0 0.5216227732726644 -0.30762503701656635 0.8635536524951194 -0.3079958735380415 0.5783641703896092 0.5942145189239708 1.0274054814351383 1.0270350274635134
259 0.0 0.5210734672766164 -0.3076225337578369 0.8596467275532489 -0.30801822731011874 0.5777551116541152 0.5915261491647812 1.0238354230588103 1.0235547048808797
260 0.0 0.5180868738757124 -0.3078972246948945 0.8587686232109055 -0.30807159451091054 0.5744436407921979 0.5909219222614 1.0286856364994785 1.0282800212939607
261 0.0 0.5183736823685565 -0.30792590333187386 0.8575819770083907 -0.3078973528966355 0.574761647912523 0.5901053865426025 1.0266958289332742 1.0263441889524438
262 0.0 0.5176625636640244 -0.3076103959447319 0.8551842506800074 -0.3079085513370372 0.5739731747079986 0.5884555020303721 1.0252317145827263 1.0249173607158577
263 0.0 0.5159764619463763 -0.30774362149357326 0.8527049875945104 -0.30789240606103163 0.5721036611992195 0.5867495117686462 1.0255999944812915 1.025276455915322
264 0.0 0.513641341881173 -0.3075559842731354 0.8522556938510182 -0.3077941064874516 0.5695145300330359 0.5864403510524899 1.0297197351900262 1.0292845703520184
265 0.0 0.5142905504622699 -0.30765604986194045 0.8507581354485716 -0.3078326017513728 0.5702343586173213 0.5854098754785645 1.0266127718049822 1.0262633021712182
266 0.0 0.5127957625802188 -0.3075519643166492 0.8505258806086935 -0.3077165184227563 0.5685769697961107 0.5852500600489763 1.0293242448051394 1.028900502105769
267 0.0 0.5153181490770138 -0.30758313085421535 0.8466523243317166 -0.30775106724213164 0.5713737379749001 0.5825846513937083 1.0196209812837087 1.01943035991955
268 0.0 0.5105109323787012 -0.3073956058924821 0.8435024065089154 -0.30764459883394396 0.5660435989547823 0.5804171810827233 1.0253930654007612 1.0250747036064694
269 0.0 0.5111320920222091 -0.3075130328678094 0.8395309876832016 -0.30762653480127466 0.5667323274772028 0.5776844328392892 1.019325005529223 1.0191400646020905
270 0.0 0.5082143734976309 -0.30747815169967246 0.8381367006810724 -0.3075462464343358 0.563497223604512 0.5767250187046628 1.02347446366379 1.0232021348283153
271 0.0 0.5082852636058541 -0.30732502446433313 0.835041623979793 -0.30749268242980293 0.5635758250397488 0.5745952847758332 1.0195527544768395 1.0193634500841793
272 0.0 0.5073176358388218 -0.3074442709182523 0.8362358708334822 -0.3074336900659428 0.5625029400749794 0.5754170505313145 1.022958298590606 1.0226977477554542
273 0.0 0.5066023832128229 -0.30723787757243187 0.8322416083480682 -0.3074005436436155 0.5617098832667816 0.5726685834796512 1.0195095378225076 1.0193210652954314
274 0.0 0.505979825505564 -0.30711499532961284 0.8325092943846041 -0.3074313203740049 0.5610196046011869 0.572852779249032 1.0210922658509536 1.0208721454308005
275 0.0 0.5100915619244615 -0.30717478126155434 0.8298447759061011 -0.3075028289300749 0.565578609967951 0.5710193140540287 1.0096197133169271 1.0095736653588547
276 0.0 0.5033524884229891 -0.3072291156252283 0.8317434986097351 -0.30749631720099657 0.5581064694584025 0.5723258322936887 1.0254778677786784 1.0251573894575503
277 0.0 0.5021119117470881 -0.3070042430651667 0.826972050696613 -0.307309798402992 0.5567309445834808 0.5690425810236901 1.0221141586613625 1.0218723147421134
278 0.0 0.5034799998792175 -0.30723639206639125 0.8257264928179268 -0.3074501143244326 0.5582478514328397 0.5681855079587601 1.0178015132533222 1.0176444641719202
279 0.0 0.5027575930535805 -0.30729811246949434 0.826112268713696 -0.3074673653504722 0.5574468622011541 0.5684509618048004 1.0197401767770207 1.0195472437534225
280 0.0 0.5040556945522929 -0.307495461762936 0.822755403686427 -0.3076031811759896 0.5588861693688109 0.5661410903434175 1.0129810350876998 1.012897324774979
281 0.0 0.5010632432346135 -0.30731099129469375 0.8232456031867967 -0.30753740386912015 0.5555682033741087 0.5664783984648613 1.019637904085389 1.0194469553633
282 0.0 0.5001979301332058 -0.3072125265240358 0.8215462357053082 -0.3075739849982792 0.5546087627214643 0.5653090573039847 1.019293410601762 1.0191090710250101
283 0.0 0.5002536069818848 -0.3073241007646945 0.8194912954245707 -0.3075919138811812 0.5546704960200205 0.563895045161476 1.016630682914713 1.0164935335513947
284 0.0 0.4981390125824913 -0.30732147224467515 0.8186687675897858 -0.30756695743582624 0.5523258789937304 0.5633290606621504 1.019921539234168 1.0197250624316043
285 0.0 0.4970808953208906 -0.3075086723951688 0.817949837569357 -0.3076114670355463 0.5511526612134923 0.5628343622088524 1.0211950369061815 1.0209727775095119
286 0.0 0.49742267164408793 -0.3074184407730128 0.8158582216350398 -0.3075538381418628 0.5515316154880241 0.5613951134110587 1.017883830493211 1.0177253320760689
287 0.0 0.4967424589121157 -0.30737983651203915 0.8143153018578452 -0.30753364616711526 0.5507774101646113 0.560333424504417 1.0173500477024824 1.0172008300911801
288 0.0 0.4957602516714226 -0.307356133385251 0.8111250616261501 -0.30750690784481854 0.5496883597913885 0.5581382081920879 1.015372070829199 1.0152548217291453
289 0.0 0.495410163422901 -0.3075280869016636 0.8118691959123082 -0.3075255082712896 0.5493001894318986 0.5586502497955097 1.0170217679576647 1.0168781202345676
290 0.0 0.49465433693188765 -0.30725321595377114 0.8113432509047431 -0.30773040899093107 0.5484621451902894 0.5582883450560094 1.0179159126147364 1.0177568475502248
291 0.0 0.4916798053465016 -0.30744623247057146 0.8063549572402766 -0.30752384829356294 0.5451640482113443 0.5548558814082464 1.0177778289465353 1.0176211956455257
292 0.0 0.4947426784164015 -0.3075046544224895 0.8071624048472713 -0.307439620442057 0.5485600963381683 0.5554114891460638 1.0124897761496525 1.0124122629567323
293 0.0 0.4908607976947215 -0.3073171805080016 0.8065255359855912 -0.30758563970952435 0.5442559500504979 0.5549732572850005 1.0196916675573473 1.0194996769790734
294 0.0 0.4920485870391097 -0.30734046064469434 0.8050574551780995 -0.30749425320659135 0.5455729454616733 0.5539630653551249 1.015378548300909 1.0152612007445192
295 0.0 0.49389144746104224 -0.3075158146880041 0.80374770100598 -0.3074548281376207 0.5476162696677614 0.5530618185790317 1.0099440962821906 1.009894898371138
296 0.0 0.48990414958133366 -0.3074625008478487 0.8003724755679732 -0.30748167172871227 0.5431952390907693 0.5507393132499069 1.0138883289400056 1.0137925511960393
297 0.0 0.4891674227366914 -0.3073783113645736 0.8021501990010309 -0.30757000721803435 0.5423783721284011 0.5519625714360104 1.0176706885822142 1.0175159293161276
298 0.0 0.4889432919389477 -0.30735541502078984 0.8001505989490071 -0.3075012755359034 0.5421298606953544 0.5505866391131946 1.01559917471986 1.0154784492031041
299 0.0 0.48903626135874234 -0.3074146474871174 0.7965713928701791 -0.30765094075771365 0.5422329431988536 0.5481237739372841 1.0108640222109673 1.010805327551708
300 0.0 0.48671903099712915 -0.30746846068024125 0.7976639352456235 -0.30757460760678756 0.5396636477532434 0.548875556458443 1.017069722490205 1.0169252676790284
301 0.0 0.4870450403501789 -0.30755994662334213 0.7951204370649984 -0.30734367044702765 0.5400251199486249 0.5471253657859616 1.0131479917786272 1.0130621214459359
302 0.0 0.4862580561498862 -0.3073753872355407 0.7905229140809675 -0.30759659465462574 0.5391525287056155 0.5439617929143696 1.0089200438701458 1.00888043692666
303 0.0 0.48561723085492087 -0.30747015521721754 0.7949662379136414 -0.3075750558019445 0.5384419953296243 0.5470192607694669 1.0159297854072318 1.015803908968004
304 0.0 0.48121203236264953 -0.3075337433286418 0.7901827927667647 -0.30764491245079606 0.5335576054948035 0.543727754157761 1.0190610133905336 1.0188810672526682
305 0.0 0.48536613332158335 -0.3074481190082884 0.7914587991595735 -0.3076710683855169 0.5381635837571301 0.5446057789598748 1.011970700725919 1.0118994781798762
306 0.0 0.48378055035145656 -0.30762454395638716 0.7915487243540645 -0.3076635966672973 0.5364055232849085 0.5446676568247061 1.015402774917754 1.0152850587579276
307 0.0 0.48158417264308306 -0.3077571313074795 0.7880434432087433 -0.3076726248651308 0.5339702266754531 0.5422556596738145 1.0155166572674796 1.0153972007242213
308 0.0 0.4810318564166556 -0.30777193302975503 0.7869065709765508 -0.3076044993288271 0.533357830260921 0.541473373611358 1.0152159448872569 1.0151010564657954
309 0.0 0.4827249220419427 -0.30775142837718106 0.7839609971303025 -0.307580428215633 0.5352350652014908 0.5394465131598433 1.0078684081671052 1.007837573553227
310 0.0 0.4799343980773054 -0.30792244209638314 0.7856666629981789 -0.30766772617697163 0.5321409919354141 0.540620188264102 1.01593411606546 1.015808171446157
311 0.0 0.4801581720606935 -0.307585605527633 0.7819777949772374 -0.30755960879841077 0.5323891077403377 0.538081864293027 1.0106928494026701 1.0106359849102229
312 0.0 0.4811721629149287 -0.3075233519467213 0.780864575734209 -0.3076722252754176 0.5335133991042154 0.5373158539414503 1.007127196512064 1.0071018882355334
313 0.0 0.4788575047059937 -0.30755268360059934 0.7785640041706362 -0.30755200229222535 0.530946955606461 0.5357328219886022 1.009013831479031 1.0089733891701433
314 0.0 0.4802022816471606 -0.30751815287942924 0.7799123512330526 -0.3075375160352563 0.5324380155060459 0.5366606246777823 1.0079307056385205 1.007899381802619
315 0.0 0.47669566403530916 -0.30776922534126605 0.77585690219447 -0.3075836992769107 0.5285499529254424 0.5338700549285614 1.0100654667996338 1.0100150636542797
316 0.001 0.4760549779028582 -0.3074950609827269 0.7748927408468673 -0.3075622347754704 0.5278395738498697 0.5332066118759202 1.0101679341450382 1.0101165021810607
317 0.001 0.47670404575486763 -0.3076459030755314 0.7731561877103698 -0.30746417913357005 0.5285592463967539 0.5320116831258556 1.006531787595501 1.006510524912569
318 0.001 0.4754882814158385 -0.30749775440723837 0.771567068768639 -0.30760018792945093 0.5272112329100722 0.5309182044001908 1.0070312832100656 1.0070066503386232
319 0.001 0.47371321511687636 -0.307500112517729 0.7752261007232971 -0.30760916379213193 0.525243077377014 0.5334359980617455 1.0155983411064562 1.0154776284424738
320 0.001 0.4750504607723661 -0.3075292458566019 0.7715346952009237 -0.30746326054395845 0.5267257867481789 0.5308959280263833 1.0079171010478705 1.0078858843761416
321 0.001 0.47330987796190027 -0.3074745244108454 0.7641369531627961 -0.3072250885304792 0.5247958657693583 0.5258055138829094 1.001923887323447 1.001922038430761
322 0.001 0.47226081021127486 -0.30747493516625796 0.7652411966596154 -0.30735850552139693 0.5236326818932667 0.5265653479897325 1.0056006169933136 1.0055849773338321
323 0.001 0.469248543194526 -0.30731999919570047 0.7634928814504041 -0.3073598024735469 0.5202927446754121 0.5253623257131579 1.009743708882407 1.009696469096376
324 0.001 0.4679931768562898 -0.3071603905581059 0.7641942423061914 -0.3072631136118238 0.518900821339332 0.5258449347581311 1.0133823519509484 1.013293403449157
325 0.001 0.4688566064881304 -0.3074497854814829 0.7604699487676133 -0.3073890201356191 0.519858173641219 0.5232822343550194 1.0065865285714706 1.006564908592464
326 0.001 0.46915359030825493 -0.30732658493257903 0.7594433971436394 -0.30742021525235286 0.520187462946722 0.5225758603183538 1.0045914166368066 1.0045809002260517
327 0.001 0.4675820090429193 -0.3074182524198626 0.7566772068330148 -0.30735652786672235 0.5184449272651931 0.5206724343529483 1.0042965163137103 1.004287306073467
328 0.001 0.46461243570608723 -0.3073756892835411 0.7571908847395792 -0.307155427742818 0.5151523278861583 0.5210258980540735 1.0114016182204135 1.0113369882147167
329 0.001 0.4681323338212337 -0.3071532696725806 0.7533205204203407 -0.3072104656466519 0.5190551156046662 0.5183626857969407 0.9986659801880212 0.9986650897896874
330 0.001 0.4642097781051367 -0.3073465536949327 0.751698739396157 -0.30727502549805447 0.5147058697534664 0.5172467321693914 1.0049365328146385 1.0049243781375046
331 0.001 0.4657344934905522 -0.3073135649399734 0.7483611847669164 -0.30723196469573943 0.51639644155008 0.5149501482655814 0.9971992578412097 0.9971953302628225
332 0.001 0.4629540257262479 -0.30723687600542987 0.7527409689961417 -0.30709313598453664 0.5133135183837705 0.517963894280366 1.0090595235271376 1.0090186710956504
333 0.001 0.4601214976524624 -0.3073360989439097 0.749529672449508 -0.307227726432758 0.5101728718601881 0.5157541890384663 1.0109400508849629 1.010880534086681
334 0.001 0.4609886439569712 -0.30727483372375247 0.7479563611949388 -0.30718778691020854 0.5111343451292079 0.5146715876418416 1.0069203772869921 1.0068965140474055
335 0.001 0.46225100708677397 -0.3074264759718373 0.7478580591386051 -0.3073707768624227 0.512534026358074 0.5146039456268438 1.0040385987316356 1.0040304600262606
336 0.001 0.462542218186312 -0.3070358615550629 0.7457486639358574 -0.3072561431481161 0.5128569149945034 0.5131524628475171 1.0005762774067635 1.0005761114067697
337 0.001 0.46222751230300246 -0.30729426225358236 0.7467531160377194 -0.3073251552502847 0.5125079758445213 0.5138436301198291 1.0026061141255547 1.0026027226294498
338 0.001 0.459951564269537 -0.3073356654200271 0.7445757292266937 -0.3070881305022253 0.5099844533610867 0.5123453620589082 1.004629373860834 1.0046186830555297
339 0.001 0.45915828595909586 -0.3072387458162312 0.7405062973778801 -0.3074484264756177 0.5091048833434131 0.5095451706853324 1.0008648263969262 1.000864452596214
340 0.001 0.4577752881042749 -0.30719705595191166 0.7385551584308463 -0.30730493453458185 0.5075714449125415 0.5082025846312805 1.0012434500109593 1.0012426774073413
341 0.001 0.4592058990846128 -0.3072853151397768 0.7387588818349452 -0.3072457515959206 0.5091576757582582 0.5083427674725093 0.9983994971998893 0.9983982153694962
342 0.001 0.45473420194199715 -0.30723950750230683 0.7349314341141102 -0.3072388276402648 0.5041995536427374 0.5057090862882873 1.0029939190438464 1.0029894439672344
343 0.001 0.45432870069299813 -0.3072815284184322 0.7358741385228162 -0.3072210309022209 0.503749942533932 0.5063577647405041 1.0051768188666272 1.005163453734273
344 0.001 0.4548122909730282 -0.3073226338685453 0.7329257032811786 -0.30701535327027346 0.5042861370895556 0.5043289353520509 1.0000848690046138 1.0000848654033927
345 0.001 0.45255164750023963 -0.3073559312944686 0.732715725633915 -0.3072179465560071 0.5017795839755438 0.504184448942558 1.0047926720094125 1.0047812146126898
346 0.001 0.4525272526667495 -0.3072652535597681 0.7333544494419949 -0.307143853788485 0.5017525355061206 0.5046239571992215 1.0057227846197219 1.0057064562098066
347 0.001 0.450238536543441 -0.30720124610647764 0.7333466822283599 -0.3070865149287104 0.49921485603785337 0.5046186125502813 1.0108245106231737 1.0107662409782534
348 0.001 0.45196230955032257 -0.3073877792633605 0.7314804285736292 -0.3071494757964622 0.5011261386661215 0.5033344363853937 1.0044066703947037 1.0043969823686885
349 0.001 0.44998209582652343 -0.30716283219281504 0.7268294676877453 -0.3070965255278899 0.49893052005772814 0.5001340926923823 1.0024123050931317 1.0024093989904037
350 0.001 0.447158034756762 -0.3071480606715763 0.7240275853644785 -0.3072200884824731 0.495799261567048 0.4982061069187237 1.0048544754666808 1.0048427210314612
351 0.001 0.44838090548595866 -0.3072666772266578 0.7230813179925928 -0.3069770055264923 0.49715515446709946 0.49755497677813093 1.0008042203876173 1.0008038971323856
352 0.001 0.44889379340009916 -0.30702255651051263 0.7198301103224374 -0.30695126012309915 0.49772383361257394 0.49531780854189994 0.9951659436253824 0.9951542312657625
353 0.001 0.4467450712955484 -0.30697415399643857 0.7197411160237688 -0.30690082328130314 0.4953413765170002 0.49525657122998823 0.9998287942598127 0.9998287796028553
354 0.001 0.44849594794606934 -0.3071885494090973 0.7210638652985496 -0.30691487051498284 0.4972827110854274 0.4961667599851396 0.9977559020745926 0.997753381258364
355 0.001 0.4463380441062026 -0.306935770770644 0.7175403248124776 -0.30681898912776745 0.4948900734781872 0.4937421985131444 0.9976805455866687 0.9976778525290688
356 0.001 0.4450557576536784 -0.3069310008819804 0.7157857927433189 -0.306739461122421 0.49346830169536604 0.4925348983918381 0.998108483766189 0.9981066931558734
357 0.001 0.44228219439958505 -0.30681223864006435 0.7129133410384496 -0.306677532972794 0.4903930341022499 0.49055835356105715 1.0003371162461756 1.0003370594320704
358 0.001 0.44113697843898886 -0.3068371603583356 0.7105332468407276 -0.30666707109735764 0.48912324314812505 0.48892060178430685 0.999585704898189 0.9995856190601922
359 0.001 0.43995808421314 -0.3069672440423477 0.7109013996556282 -0.3066289158487217 0.4878161104540665 0.4891739291220635 1.0027834641761486 1.002779595723588
360 0.001 0.4400169971326889 -0.3068425679004509 0.7062064235953144 -0.30658430922482144 0.48788143183876437 0.48594329842184225 0.9960274499285257 0.9960195436474417
361 0.001 0.4399981862684865 -0.30681169095509225 0.7097672185879631 -0.30643296155410243 0.48786057475501315 0.4883934948600486 1.0010923614914018 1.001091765190276
362 0.001 0.43890957226618316 -0.3068600828266304 0.7072159224131269 -0.3065925426226909 0.48665354284119067 0.48663793835839697 0.9999679351295737 0.9999679346154875
363 0.001 0.43470063144585275 -0.3066524953618444 0.7053163296517225 -0.30668734705395295 0.4819867593138984 0.48533082142871004 1.006938078796131 1.0069140935332621
364 0.001 0.43439102660175966 -0.30681722609441053 0.7054063693810125 -0.3066466666808848 0.481643476087058 0.4853927781053676 1.0077843928226111 1.0077542119068548
365 0.001 0.438956693401291 -0.3063181971732685 0.7012926970654174 -0.3063865000424534 0.48670578974759676 0.4825621447000668 0.9914863452730266 0.9914499491827485
366 0.001 0.4341470328078719 -0.3065198819962646 0.7025855503915756 -0.30650947729342176 0.4813729409888744 0.48345176194043465 1.0043185247332136 1.0043092199966455
367 0.001 0.4328413942406988 -0.30658848898602437 0.6984323877343515 -0.3064620763385672 0.4799252768809712 0.480593955082407 1.0013932964851977 1.0013923265233722
368 0.001 0.4328977898700083 -0.30690268752373107 0.6989217193562582 -0.30628760351196915 0.4799878071481115 0.4809306660134134 1.0019643392004143 1.0019624117792216
369 0.001 0.43203851131969406 -0.3064232370990396 0.6943691889329244 -0.3063287921538546 0.4790350574766045 0.47779805269220077 0.9974177155406541 0.9974143771337814
370 0.001 0.4310207836171672 -0.3066004096007828 0.6973002882681284 -0.3064663260071325 0.4779066227752945 0.47981495317818007 1.0039931030706448 1.0039851465202414
371 0.001 0.42855504931307575 -0.3065538432869837 0.695539233821084 -0.3066459079115755 0.4751726693356474 0.47860316498409866 1.0072194717201381 1.0071935050669385
372 0.001 0.4293120252693701 -0.3066634168092085 0.6957894710503478 -0.3065854201921384 0.47601198807976636 0.4787753541635136 1.0058052447269126 1.0057884430626294
373 0.001 0.4275435448734684 -0.3066173992492189 0.6930726561595245 -0.3066656075801965 0.47405113485510986 0.4769059036103354 1.0060220692354171 1.0060039910106398
374 0.001 0.4308909260397309 -0.30685153489625056 0.6942495959247025 -0.30684495053809435 0.47776263947185943 0.47771576029306384 0.9999018776795787 0.9999018728653476
375 0.001 0.4291860508749803 -0.30681365759017076 0.6908476668837596 -0.3065949073625787 0.4758723103666089 0.47537488011423934 0.9989546980533784 0.9989541514396104
376 0.001 0.4264454590545328 -0.30672424768015627 0.6879381811242786 -0.30647648731207056 0.47283360079366404 0.47337285201107415 1.001140467209828 1.00113981724773
377 0.001 0.4273925302059544 -0.3066889299529561 0.6877544911070524 -0.3064007930571435 0.4738836930228727 0.4732464542187635 0.9986552843799197 0.9986543796415623
378 0.001 0.4259161363207487 -0.3067051161655995 0.6841622399024604 -0.30633763513916357 0.47224669907180733 0.4707746126427095 0.9968828020778309 0.9968779360321742
379 0.001 0.4250482199172079 -0.30633849465331997 0.6797025032526578 -0.3060674654728855 0.47128437193345785 0.46770585106636375 0.9924068755931518 0.9923779379605004
380 0.001 0.42263333425361804 -0.30647526195197783 0.6792058290678399 -0.3061034552331706 0.46860679837844393 0.46736408769017884 0.9973480737100585 0.9973445526847852
381 0.001 0.4219639462645393 -0.306239432450775 0.681728118260435 -0.3059235026758064 0.46786459529834584 0.4690996843781606 1.002639843006345 1.0026363632138489
382 0.001 0.4237815796762695 -0.3060395281621391 0.6766824859829714 -0.30605647472020897 0.46987994833527746 0.46562776581495674 0.9909504916407145 0.9909093587236035
383 0.001 0.4169465464841177 -0.3060798747475814 0.6752212509441514 -0.3058018835650779 0.4623014097738525 0.46462228448427334 1.005020263104013 1.0050076931354708
384 0.001 0.41997270995730035 -0.30627928806350263 0.6735719697859048 -0.30575285435276767 0.46565675508527304 0.4634874079109577 0.9953413170739506 0.9953304400744019
385 0.001 0.418453959068055 -0.30608461852127944 0.6745177904656129 -0.30574222184154626 0.4639727965943969 0.46413823068098153 1.0003565598841115 1.000356496327967
386 0.001 0.4170078432657196 -0.3059848255209138 0.6706090115870227 -0.30566870328648477 0.4623693743337898 0.4614485852209564 0.998008542165752 0.9980065572371484
387 0.001 0.4188384982545592 -0.30583346214966606 0.6693530288051807 -0.3053670277475575 0.4643991654168113 0.4605843387409228 0.9917854575116116 0.9917515790092664
388 0.001 0.4145470463887515 -0.30564935962163514 0.6697614086240777 -0.3054325165523183 0.4596408954076961 0.46086534643155447 1.0026639296809574 1.0026603861401566
389 0.001 0.4136497993082726 -0.3057122269499294 0.6673120051470217 -0.30521985711611505 0.4586460470423154 0.4591799026787961 1.001163981767473 1.0011633047347221
390 0.001 0.41066695881479903 -0.3054855958145125 0.6650923640717604 -0.3051487882796437 0.4553387373238599 0.4576525592995986 1.0050815399307724 1.0050686616275444
391 0.001 0.41176979284292214 -0.30528729428354584 0.6628988193749139 -0.3050787811638309 0.4565615360980603 0.4561431729366218 0.9990836653367386 0.9990832453096884
392 0.001 0.410415199302518 -0.3052675097942274 0.6647224223506567 -0.3050460874483105 0.4550595917632768 0.4573980010087496 1.0051386879604314 1.0051255187397121
393 0.001 0.412870248670314 -0.3052186872014233 0.6602724687698248 -0.3048038437615429 0.4577816979741739 0.4543359711989886 0.9924729914052185 0.9924445564609907
394 0.001 0.41205271233923274 -0.30504678777622696 0.6611821217454181 -0.3047590007430651 0.45687523118223794 0.4549619068356664 0.9958121512921142 0.9958033638534824
395 0.001 0.4109745397197903 -0.30488033058142283 0.6592904189248252 -0.3047566809460761 0.45567977645032837 0.4536602190039516 0.9955680336263575 0.9955581906515223
396 0.001 0.4080924258135408 -0.30546067954352885 0.6553143805336032 -0.30463411985203326 0.45248415021664584 0.4509242920201021 0.9965526788158283 0.9965467265444593
397 0.001 0.41001277744295905 -0.30496049715002316 0.6582344304746074 -0.3047281322686512 0.45461339501559606 0.45293358937633965 0.9963049798847243 0.9962981406623661
398 0.001 0.4080307354822623 -0.304852132169852 0.6563739416383583 -0.30457424729713867 0.45241574929724754 0.45165338000474947 0.9983148922342286 0.9983134712428757
399 0.001 0.40437867650049575 -0.3046052012046431 0.6574158216340383 -0.3046130348445698 0.44836642443753855 0.45237030155168606 1.0089299218137715 1.0088902272964395
400 0.001 0.4077624676975609 -0.3046437453020279 0.65348376461876 -0.30444570805787996 0.4521182997174149 0.4496646383181808 0.9945729659676069 0.9945581995494858
401 0.001 0.40761079589391574 -0.3048082793915193 0.6542693332262274 -0.30419537081144854 0.4519501292666956 0.45020519103406503 0.9961390911969386 0.9961316234724441
402 0.001 0.4066722089172855 -0.3044079513691998 0.6547193872062935 -0.3043216824595556 0.4509094441089686 0.4505148748718696 0.9991249479418673 0.9991245649162314
403 0.001 0.40300669878647793 -0.30401761386822024 0.6529345214469833 -0.3041434928825268 0.44684520490300306 0.4492867020241861 1.0054638543602878 1.0054489681760241
404 0.001 0.4007823955188195 -0.30408534412281624 0.6465013048206448 -0.3039748110447623 0.44437894503090636 0.4448599814472906 1.0010824914676162 1.0010819058906686
405 0.001 0.40295629517553916 -0.3043156605154744 0.6431907855218041 -0.30383516681572253 0.4467893184576273 0.44258200065609676 0.9905832175754453 0.9905386699320972
406 0.001 0.3996150753902069 -0.30408150815757357 0.6410024615904885 -0.30378010774617253 0.4430846454482246 0.4410762067215342 0.995467144376762 0.9954568476499233
407 0.001 0.40036220270120393 -0.30425976830829876 0.6469426256322667 -0.3039698500777631 0.44391304422515904 0.4451636559590147 1.0028172448413597 1.002813281989274
408 0.001 0.397361703039644 -0.3041799458445829 0.644460511004926 -0.3036174912194888 0.44058615439896415 0.44345570354061215 1.0065130261425546 1.0064918852334346
409 0.001 0.39715029798168494 -0.3040336262166693 0.6451708787441283 -0.3039856075227892 0.44035175299391127 0.44394451025596743 1.0081588349260093 1.0081256868571453
410 0.001 0.39698891540768466 -0.303922293310487 0.6377884071008728 -0.30386384195439886 0.4401728154487934 0.4388646037286869 0.9970279588511783 0.9970235357640849
411 0.001 0.39954176708276096 -0.3040064721074608 0.636169477112892 -0.3037575416851036 0.44300336276542945 0.4377506119098809 0.9881428645986827 0.988072149529646
412 0.001 0.3964512911112609 -0.3037562977222085 0.6369345559286773 -0.30354850363749775 0.4395767091319016 0.4382770655229798 0.9970434202224034 0.9970390430697122
413 0.001 0.3962085178331594 -0.3036540361313117 0.6320069151549911 -0.3035280450814093 0.43930752731550776 0.43488633735767607 0.9899360022696437 0.9898851041250797
414 0.001 0.3957121770527847 -0.30369313346821575 0.6311687491387313 -0.3033946255792675 0.4387571952779112 0.43430959216681136 0.9898631790909259 0.9898115397926956
415 0.001 0.392843833183594 -0.3036335281120307 0.6349178734531378 -0.3032593984567621 0.4355768369666964 0.4368893787202401 1.0030133414868523 1.0030088082035595
416 0.001 0.39026197067054075 -0.3037416238232661 0.6335946118848049 -0.30328818334873375 0.4327141230536259 0.4359788374539672 1.007544737336749 1.0075163827698885
417 0.001 0.3946238763047473 -0.30342131983605597 0.6335630706474082 -0.30346002389085663 0.4375505106937164 0.43595713380978507 0.996358416125706 0.9963517734642447
418 0.001 0.3925771947048888 -0.3034917420047911 0.6350497386132574 -0.3035396710803026 0.4352811939264918 0.4369801156332934 1.0039030441252845 1.0038954420841137
419 0.001 0.39153701331390306 -0.3034264644272138 0.6308716927988172 -0.30357148042629517 0.43412786305583656 0.4341051865811186 0.9999477654473538 0.9999477640830939
420 0.001 0.3908880858193664 -0.30367299030429984 0.628799447164687 -0.3034282686001756 0.43340834613431495 0.43267926655979844 0.9983177998739079 0.9983163837842026
421 0.001 0.39187778954983615 -0.30367415109015483 0.6260086898418257 -0.3035017425357058 0.43450570845500763 0.4307589359407962 0.9913769314388664 0.9913395917919938
422 0.001 0.388408123049283 -0.3035043458383204 0.623427063652503 -0.3032354836144764 0.43065861647600756 0.4289825092420062 0.9961080373876724 0.9961004489341959
423 0.001 0.3886834243209627 -0.30349408526708666 0.6235410405933413 -0.30300284452740167 0.43096386463571357 0.4290609372040361 0.9955844849468157 0.9955747149905287
424 0.001 0.390553296522099 -0.30348612557645577 0.6256113996858579 -0.3031247920232914 0.4330371389246402 0.43048555908897057 0.9941077113108452 0.9940903004830351
425 0.001 0.3869810242493506 -0.30352984902779323 0.627752254424622 -0.3034458390892715 0.429076279860778 0.431958689293452 1.0067177086405457 1.0066952203706785
426 0.001 0.38620803616849636 -0.3035190513290554 0.6267035122057634 -0.303226892375433 0.4282192072155417 0.431237045824915 1.0070474153389721 1.0070226695045787
427 0.001 0.384352082278661 -0.30348406869118266 0.6175056745946182 -0.30327609428725333 0.4261613652523901 0.4249079791416167 0.9970588931494738 0.9970545617251297
428 0.001 0.3840584385873371 -0.30363375637911283 0.622945483631569 -0.3032190540316998 0.4258357794102361 0.42865113221680823 1.0066113580462197 1.006589575026284
429 0.001 0.3861279655790922 -0.30355481065097756 0.6139783381913646 -0.3032115221406837 0.4281304266591967 0.42248080568472 0.9868039722881599 0.9867163264258602
430 0.001 0.38541354439454123 -0.30320001436629096 0.6165959286017075 -0.30321368128285964 0.42733829173548704 0.42428197949937274 0.9928480262704703 0.9928223591209668
431 0.001 0.38227385343415327 -0.3034055884621571 0.6144658787805115 -0.3033551364899408 0.42385706957528174 0.4228162841993424 0.997544489756931 0.9975414712857106
432 0.001 0.3843689998619067 -0.3032473250535925 0.6168286807079529 -0.3034726455526845 0.42618012310672515 0.4244421370998201 0.995921944941412 0.9959136126851816
433 0.001 0.3832483999864193 -0.30338730633559347 0.6140687514086054 -0.30338538371357804 0.42493762594108436 0.4225430193598424 0.9943648045382218 0.9943488819608578
434 0.001 0.38494193780855523 -0.30346122253374447 0.6165320520941773 -0.30368554305547585 0.426815384443417 0.42423802583409326 0.9939614205502815 0.9939431331143287
435 0.001 0.38175069604069967 -0.30348714654590625 0.618883164373314 -0.3030803729776865 0.42327700385087014 0.42585583504356955 1.0060925379107248 1.0060740347671797
436 0.001 0.3831580755028633 -0.3034918707220514 0.6125043621070804 -0.30310533287292185 0.42483747608629563 0.42146655719269205 0.9920653918654793 0.9920337874781406
437 0.001 0.37991514423031264 -0.3033435082624071 0.6131577141520892 -0.3030321065416082 0.421241783276889 0.4219161311942508 1.0016008571422237 1.001599576795255
438 0.001 0.3803116435212538 -0.3032257272114947 0.6088952708725509 -0.3031225428453302 0.42168141320720526 0.41898312792864784 0.9936011282592825 0.9935805897679194
439 0.001 0.37982657802869874 -0.30320536319259206 0.6110492022591931 -0.3031187418061882 0.4211435829674976 0.42046525622375813 0.9983893219054656 0.9983880237180225
440 0.001 0.37702688818197155 -0.3032217903105748 0.6114296064399736 -0.3033007526778899 0.4180393467674723 0.4207270137724941 1.006429220181795 1.0064086189705834
441 0.001 0.37749809625973857 -0.30340364669177694 0.6110070420810676 -0.30321525296998636 0.4185618122021556 0.420436245646488 1.0044782715233158 1.0044682664680746
442 0.001 0.37834522297756806 -0.3035672886707782 0.6052276792751261 -0.30308735420540084 0.4195010881818035 0.4164594443446847 0.9927493779567966 0.9927229965560068
443 0.001 0.3754365629083314 -0.30309486234135097 0.6043327170068453 -0.302651605699605 0.4162760281305812 0.41584361743900833 0.9989612404694195 0.9989607006783817
444 0.001 0.37418219572161887 -0.3029658233946376 0.6044021451747488 -0.30300825392244407 0.4148852126323328 0.41589139122268853 1.0024251975238447 1.0024222602940112
445 0.001 0.3745713483479668 -0.3029801882925899 0.6010341967518226 -0.3028608246086684 0.415316696738137 0.4135738932350332 0.9958036758050143 0.9957948527243862
446 0.001 0.3714361865639174 -0.30327028571024395 0.6017597236452207 -0.30277150099623085 0.41184049643174986 0.41407313102145366 1.0054211147496366 1.0054064602289912
447 0.001 0.3733046722121885 -0.30289318825793765 0.5986588365259413 -0.3026697239264323 0.41391223334052607 0.4119393989221264 0.9952336890299721 0.9952223030352448
448 0.001 0.37002233252112054 -0.30269681065651666 0.5985503278611105 -0.30273207763274373 0.41027284531984803 0.4118647337014013 1.0038800724925196 1.0038725595865559
449 0.001 0.3713197236380812 -0.30223458386688407 0.5957661359988613 -0.3023255639005947 0.4117113648314177 0.4099489208005604 0.995719224239586 0.9957100420656166
450 0.001 0.3711083532775354 -0.30263636471802075 0.5922534845560512 -0.30231167555520283 0.4114770018981143 0.40753185212022286 0.9904122228953435 0.9903660387588359
451 0.001 0.36955801746215805 -0.30296205190759545 0.5933880584923812 -0.30246108137820876 0.4097580227169325 0.40831255671664496 0.9964723912159101 0.9964661582102405
452 0.001 0.37279076973751785 -0.3026927758528353 0.599253997177426 -0.3022414612025111 0.4133424292720433 0.41234893120675353 0.9975964285422151 0.9975935364887102
453 0.001 0.3695485725378232 -0.3025591758313177 0.5882180726211402 -0.3023917743258855 0.4097475503869132 0.4047550699774634 0.987815716275215 0.9877410329086078
454 0.001 0.3662500197867549 -0.3027064141022244 0.5897478163234265 -0.3025580115870423 0.40609018567220057 0.40580769237736247 0.99930435823173 0.9993041161888075
455 0.001 0.3671534750126448 -0.3028488688058094 0.5902685966941998 -0.30266379549029787 0.4070919174963838 0.40616604331084527 0.9977256384965031 0.9977230491918714
456 0.001 0.3682750385689163 -0.30280631149363035 0.5924748427185317 -0.30251266737693 0.40833548317065915 0.4076841695050758 0.9984049545228693 0.9984036814225057
457 0.001 0.36937629731884597 -0.3027674945500043 0.5892469544985248 -0.30246680524627323 0.4095565353101033 0.40546304747027256 0.9900050725921605 0.989954872431737
458 0.001 0.3681303468419136 -0.30258984666874533 0.5934930614892867 -0.3026256514665097 0.4081750520795756 0.4083848096740744 1.0005138912665783 1.0005137592583802
459 0.001 0.36430182299959546 -0.3030930071614357 0.5929576330177717 -0.30287864177427093 0.4039300667581205 0.408016379327332 1.010116386239845 1.0100654731328953
460 0.001 0.36934871638821803 -0.3028075318966278 0.5929680306143194 -0.3027422518045613 0.4095259541643433 0.40802353395265567 0.996331318695653 0.9963245767173116
461 0.001 0.3660253945309805 -0.3028393926078154 0.5898201747220878 -0.302363134645838 0.40584112599466876 0.4058574824638573 1.0000403026409619 1.0000403018288269
462 0.001 0.3657201871485684 -0.3024963756642705 0.5880477892966058 -0.30256081522097894 0.40550271857925235 0.40463789738086026 0.9978672863121063 0.9978650096505354
463 0.001 0.3645217309195893 -0.3027768531961662 0.5884416997085133 -0.30233204312028555 0.4041738959546706 0.40490894861807575 1.0018186544721521 1.0018170022225432
464 0.001 0.36368480381381646 -0.3026229371897123 0.5813927463798791 -0.3026840364160425 0.4032459290866408 0.4000585372985364 0.9920956628246096 0.9920642995987624
465 0.001 0.36108414075577683 -0.3026292506082609 0.5868005581405493 -0.30240106980183606 0.40036236953154497 0.4037796729274731 1.0085355259534672 1.0084992531555201
466 0.001 0.3598627292874319 -0.3027074081471941 0.5891174045728254 -0.302337082493114 0.3990080946287036 0.4053739036787389 1.0159540849815565 1.0158278257430673
467 0.001 0.35889187358025737 -0.3025444021716759 0.578634433606412 -0.30227773801012053 0.39793163059296927 0.39816053189610207 1.0005752277163584 1.000575062320466
468 0.001 0.3587768487358702 -0.3024291539967416 0.5824908473116301 -0.3029298969988853 0.3978040935065787 0.4008141446832137 1.0075666671755483 1.0075381478476069
469 0.001 0.3594497806481758 -0.30274433411532625 0.5872653888023861 -0.3022259523615885 0.3985502260129251 0.4040995246556273 1.013923712196119 1.0138274474964455
470 0.001 0.35778794595473634 -0.3028027316132295 0.5808262399058123 -0.3027795900830769 0.3967076192613726 0.39966872206125226 1.0074641944245812 1.0074364409042134
471 0.001 0.3572118077057076 -0.3023133811815126 0.5775787679252649 -0.30220430360959166 0.39606880949787504 0.3974341243671027 1.0034471658370638 1.0034412345839163
472 0.001 0.3593468900175127 -0.30272934649093475 0.5752604504164618 -0.30219471639713286 0.3984361430830887 0.3958388813625411 0.9934813601485797 0.9934600443407863
473 0.001 0.35666346648531444 -0.30261488023403316 0.5826354218007883 -0.3021453018580201 0.3954608204849848 0.4009136269334197 1.0137884871673195 1.0136940768657536
474 0.001 0.358512658700692 -0.30272196568447357 0.5726619724613471 -0.30243495783516006 0.39751116524817004 0.3940508589002752 0.9912950713076586 0.9912570177893074
475 0.001 0.35696500457150426 -0.30277603569878664 0.5759749914900104 -0.30202141881571926 0.3957951594632581 0.3963305597649696 1.0013527206912727 1.0013518063830402
476 0.001 0.35578912413523556 -0.3026283387646999 0.5734482018824445 -0.3023827833018338 0.39449136839460314 0.39459186632450577 1.0002547531782802 1.000254720732822
477 0.001 0.35307679740391146 -0.30264458884823536 0.5724974111577456 -0.30210034175625844 0.3914839985477199 0.39393762364781515 1.0062674978011805 1.0062479183937831
478 0.001 0.3542987215633958 -0.302678651767209 0.5713592290951885 -0.3019485791999165 0.3928388419115271 0.3931544362861543 1.0008033685597166 1.000803045988767
479 0.001 0.35207765823623277 -0.30240984172808033 0.5709895468226523 -0.3022200669649083 0.3903761744161301 0.3929000565228413 1.0064652565195253 1.0064444240920873
480 0.001 0.3552916038520059 -0.30224439495122185 0.568587122647783 -0.3020349260094749 0.39393972854947756 0.39124693940476 0.9931644641310166 0.9931410217350393
481 0.001 0.3527916484355753 -0.30288437682349495 0.5756746010989052 -0.3020154665139195 0.39116783147266204 0.39612386000610206 1.0126698264394125 1.012590069442067
482 0.001 0.35323100398303536 -0.3026669604877168 0.575083820125179 -0.3023104256912803 0.3916549795032561 0.3957173413942267 1.0103722973115852 1.010318782571224
483 0.001 0.3526895987335784 -0.30212025693546457 0.5675602091849549 -0.30263779691719994 0.3910546809465383 0.3905403163854168 0.9986846735605454 0.9986838079494437
484 0.001 0.349904437556458 -0.30265007369015634 0.563792837191355 -0.30246137488208774 0.3879665538245183 0.387947973535246 0.9999521085281989 0.9999521073813749
485 0.001 0.3523140848033541 -0.30235769880351065 0.560626193600433 -0.3022607641006569 0.39063831913518304 0.38576899416025684 0.98753495308472 0.9874567771540984
486 0.001 0.3461288675513578 -0.30243822614679217 0.5618930975306623 -0.30250768111164716 0.38378028258477276 0.38664075552360583 1.007453412977779 1.0074257394264736
487 0.001 0.34858642168055576 -0.3022877579207267 0.5651233078618086 -0.302633928300035 0.3865051660215205 0.38886347541182514 1.0061016244998218 1.0060830662069207
488 0.001 0.3486385637347043 -0.3028124742103657 0.5691496780530306 -0.302121581016672 0.38656298001553163 0.39163403589671675 1.0131183174368672 1.0130328330165608
489 0.001 0.3488270030335887 -0.30299315049893083 0.5684303933925213 -0.3024463945404833 0.3867719174782967 0.39113909341424447 1.0112913470151121 1.0112279576321643
490 0.001 0.3453641316244179 -0.3021481080435071 0.5682631254461683 -0.30262117959802265 0.38293235975123396 0.3910239957107186 1.021130718659403 1.0209097991182072
491 0.001 0.34306958102820556 -0.3025568704581046 0.5638115440250835 -0.30192781705348226 0.38038821114424504 0.387960845777952 1.0199076480601954 1.0197114438170614
492 0.001 0.3461030267146422 -0.3027866133714242 0.563954064322585 -0.3021818396376899 0.38375163081791175 0.3880589145311465 1.0112241443874894 1.0111615052144352
493 0.001 0.34456881846178505 -0.30239276512693575 0.5582148575035429 -0.3021641980777262 0.38205053353298785 0.3841097447150863 1.0053898921774982 1.0053754057488
494 0.001 0.34251877319477714 -0.30243887056428065 0.553661006133392 -0.3023558688979755 0.37977748720359683 0.3809762224453964 1.003156414695948 1.003151441068497
495 0.001 0.33930230833731573 -0.3024328727253195 0.5574132493592908 -0.3024236872732187 0.37621113978896703 0.38355815513356345 1.0195289680914756 1.0193401217809033
496 0.001 0.34311966436819674 -0.30243207388200466 0.5534852712842491 -0.3025255753402135 0.3804437424800466 0.3808552986341892 1.0010817792703324 1.0010811944634537
497 0.001 0.34241663671478717 -0.3024525489500515 0.5546070176677355 -0.3025019464206006 0.37966424045989106 0.3816271765432133 1.0051701895362717 1.0051568585681672
498 0.001 0.34160967662337927 -0.30279934746831544 0.5537831495327686 -0.30248090784085624 0.37876950037621626 0.3810602697782872 1.006047924660765 1.0060296911020088
499 0.001 0.3402364759739851 -0.3025193467384502 0.5579848559972672 -0.30212482881364927 0.3772469248771014 0.3839514798128321 1.017772324951131 1.0176157881950942
500 0.001 0.34268293420566354 -0.3025532062604512 0.5549606970147988 -0.30222861676447277 0.3799595054200868 0.38187054463326925 1.0050295865373065 1.005016969895185
501 0.001 0.34187381396162425 -0.30213422237097115 0.5544083509003254 -0.3017293647249516 0.37906237020539285 0.38149047319272467 1.0064055500576756 1.006385100018779
502 0.001 0.3408037932790599 -0.3023189570400131 0.5478563748249158 -0.3021587797249286 0.37787595416667524 0.37698203379188167 0.9976343549650707 0.9976315535132347
503 0.001 0.33640527869704073 -0.30246845955864915 0.5499467831343503 -0.3023060245573075 0.3729989753085334 0.37842045161844784 1.0145348289641547 1.014429960460528
504 0.001 0.33922039623837075 -0.30251797395798946 0.5563668885375792 -0.30212769437356696 0.3761203174062441 0.3828381503133676 1.017860861528168 1.0177027681825808
505 0.001 0.33584905987128705 -0.30281715489296346 0.5519375172838623 -0.30205746323085203 0.3723822517753682 0.37979028328037173 1.01989362132509 1.0196976921111711
506 0.001 0.33400507406866076 -0.3024945746869538 0.5468252269544414 -0.3022571327457475 0.37033767977124543 0.37627249706069765 1.0160254211591921 1.0158980348074953
507 0.001 0.333154262346621 -0.30227859893414794 0.5498468210570427 -0.30193488495690907 0.3693943179377734 0.3783516673367691 1.0242487471085158 1.0239582681161623
508 0.001 0.3338530419160758 -0.302344873309299 0.5463539351590638 -0.30219388957367194 0.3701691097733317 0.3759481994022326 1.01561202562915 1.0154911018892905
509 0.001 0.3354779085385076 -0.302129138838275 0.5422943174354053 -0.30200222787030745 0.371970727118718 0.3731547611651191 1.0031831377043365 1.0031780795718803
510 0.001 0.3339629733793372 -0.3025945563940852 0.545178321707533 -0.30172426891504306 0.37029099942770777 0.3751392553609174 1.013093096890561 1.0130079397826008
511 0.001 0.3337492910060456 -0.3021516860768021 0.5453914231401131 -0.3018439949931379 0.37005407298413956 0.37528589125884537 1.014137983220982 1.0140387434612328
512 0.001 0.33157679505816073 -0.30217745697473075 0.5406503744042614 -0.3015943884796923 0.3676452559597409 0.3720235577771569 1.0119090393427936 1.0118385464848687
513 0.001 0.3286694059219722 -0.3022739865702016 0.5425765342269555 -0.30188041321250736 0.3644216050918896 0.37334895560172265 1.0244973140590334 1.0242008857101592
514 0.001 0.3304519594958633 -0.30204849590599714 0.5392055992685593 -0.3023253845411743 0.36639806235519173 0.3710294025677683 1.0126401875130193 1.0125608020663033
515 0.001 0.3314287612936364 -0.3025857413811021 0.5384052465421599 -0.3021112870149972 0.3674811192889595 0.37047867684399566 1.0081570382740648 1.0081239047729806
516 0.001 0.33334563933050865 -0.3023377922887552 0.5423164446109209 -0.3014830080064737 0.3696065126428155 0.3731699869578838 1.009641264948467 1.0095950109272005
517 0.001 0.3313061400059362 -0.30199217030987213 0.538875705282941 -0.3015575045636907 0.3673451594287565 0.370802401274457 1.0094114261668148 1.0093673461236041
518 0.001 0.3308480974352992 -0.30241378037378785 0.5372800701794577 -0.3015394138681209 0.36683729162669043 0.36970443875336173 1.0078158551273708 1.00778543022998
519 0.001 0.33097885927161835 -0.30232303990710857 0.5332293316665395 -0.3018520493196082 0.3669822775530273 0.3669171103345823 0.9998224240721391 0.9998224083041339
520 0.001 0.33050532714204145 -0.3023149705809073 0.5314802314001703 -0.3019784071306062 0.36645723525942253 0.3657135478572222 0.9979706024860613 0.9979685411673089
521 0.001 0.33118770388375185 -0.30235856234742536 0.5394396121948997 -0.30225407053077724 0.3672138399905319 0.37119042774326905 1.010829079189498 1.0107707604804113
522 0.001 0.32783407207420445 -0.3023233174815392 0.5360387991130549 -0.3017292312993773 0.3634954047942465 0.36885031546010066 1.014731714886149 1.014623996611858
523 0.001 0.32767823859088624 -0.30234302965682947 0.5362795671352831 -0.3016106643357123 0.3633226199621488 0.3690159888425098 1.015670284665882 1.015548460266635
524 0.001 0.32341614190183343 -0.3024606691621688 0.5295415203507177 -0.3015836590466944 0.3585968983449375 0.3643795134862778 1.0161256697088827 1.0159966910308833
525 0.001 0.3255576317073846 -0.30188342922321776 0.5309518875651653 -0.3018471701828646 0.3609713364221224 0.36534999247553074 1.012130204289373 1.01205707688649
526 0.001 0.32073437213937656 -0.30222060942018353 0.5287285137708979 -0.30132243992983443 0.35562340941133885 0.36382008059833415 1.0230487391158056 1.0227861431809886
527 0.001 0.32543388674637774 -0.3023594687649346 0.5279274288449839 -0.30208544498153034 0.3608341306569991 0.36326885104531925 1.006747478083315 1.006724790395411
528 0.001 0.3220750251071113 -0.3021770649523015 0.5317370147386946 -0.3015820457577795 0.3571098967374184 0.3658902414390605 1.024587234299189 1.0242886390693853
529 0.001 0.32390220458478225 -0.3022817719396123 0.526247434910807 -0.30138654152667466 0.359135834248018 0.3621128408952751 1.0082893611925154 1.0082551462480418
530 0.001 0.3225959142436763 -0.3023260102177111 0.5299551871564849 -0.30223211052821186 0.3576874474671234 0.3646641591724764 1.0195050504421022 1.0193166641874278
531 0.001 0.32213030253218716 -0.3024986463092756 0.5263496010178089 -0.3016305450058996 0.35717118716362944 0.3621831417780831 1.014032359816744 1.013934592210843
532 0.001 0.3197778248941973 -0.30210041056620957 0.5258793126598372 -0.30199160800043173 0.3545628102921218 0.3618595345886742 1.0205794970164546 1.0203698959103977
533 0.001 0.3188206876579274 -0.30206509081273075 0.5218646291510435 -0.3020440608992006 0.3535015570034068 0.3590970157539532 1.0158286679073736 1.0157043782136557
534 0.001 0.32232440895913106 -0.3021395210728422 0.5266186392053753 -0.30135816966634466 0.3573864082167333 0.3623682679676777 1.013939701220879 1.013843216072883
535 0.001 0.31950754965687533 -0.3021830277170515 0.5249672507025576 -0.30101141667460585 0.3542631348917748 0.36123194132263003 1.0196712718442582 1.0194796768350283
536 0.001 0.3169664269172619 -0.30197130093721036 0.5250840070532777 -0.30136309173810305 0.3514455923678282 0.36131228180706204 1.028074585806463 1.0276859500167734
537 0.001 0.3165897038507259 -0.3017717391953018 0.5234526703373436 -0.301024981823797 0.3510278898920012 0.3601897528720492 1.0261000998606316 1.0257638799410027
538 0.001 0.31847107197952285 -0.30194027579672267 0.5231359052046911 -0.30125472916162077 0.3531139106195516 0.3599717855918841 1.0194211407879685 1.019234364140994
539 0.001 0.31562539346055163 -0.30173752532011144 0.5207852765667708 -0.3010751839028174 0.34995868316371354 0.3583543091777494 1.0239903349107882 1.0237059777381254
540 0.001 0.3135822275015929 -0.30175051338024733 0.5159036998004765 -0.3017907806311747 0.34769326446389814 0.35499527782932905 1.0210013080831166 1.020783072231691
541 0.001 0.3170030032808557 -0.3016037432852734 0.519452220847083 -0.301402646471864 0.3514861474571949 0.3574370285190614 1.0169306275792596 1.0167885075944132
542 0.001 0.31399583366971157 -0.3015761009919478 0.5144572300530221 -0.30129505228886444 0.34815186213361093 0.3539999565512148 1.0167975388147128 1.016657635177981
543 0.001 0.31459252847869357 -0.3021018449665631 0.5148452369655074 -0.3011956754497427 0.3488134645709575 0.35426694556825555 1.0156343763965816 1.0155131075155919
544 0.001 0.30838534610459983 -0.3018228535635795 0.5118390734084844 -0.3013312949118275 0.3419310735631302 0.35219839310868123 1.0300274538916845 1.029583298328424
545 0.001 0.31458534361884294 -0.3014410525660962 0.5124065721189195 -0.301226189072398 0.348805498152082 0.3525888911075453 1.010846712495953 1.0107882042211855
546 0.001 0.31263528162083876 -0.30195355955933967 0.5132907074140034 -0.30118221304269466 0.34664331113212526 0.35319726793220935 1.0189069184075097 1.0187298564734457
547 0.001 0.3121450430405898 -0.30187296589106916 0.5096654052207996 -0.3014106727671246 0.34609974508346575 0.350702683846479 1.0132994572472256 1.0132116036681498
548 0.001 0.31279671537972176 -0.301979334999709 0.5149186013167173 -0.3011485547023318 0.346822305429946 0.3543174278544857 1.0216108430951354 1.0213798250726125
549 0.001 0.3098421476711606 -0.3017366840395948 0.5088379825537251 -0.3016997066153596 0.3435463439704783 0.3501333311946295 1.0191735040694168 1.0189914378638336
550 0.001 0.3097817936943475 -0.3019627683613837 0.5130970950110596 -0.30131125440777884 0.3434794247723187 0.3530640425089359 1.027904488727296 1.0275205157663108
551 0.001 0.30715325076089095 -0.3016531411743852 0.507998773749169 -0.3011196266466482 0.34056495260787695 0.34955586845721276 1.0264000032313596 1.0260560631556075
552 0.001 0.3071169206023177 -0.30146884485054415 0.5085261982898241 -0.3010717702551846 0.3405246705053692 0.3499187912690016 1.0275871958107783 1.027211846541324
553 0.001 0.3071081739242342 -0.3011410710831357 0.5046002647494271 -0.30114729598411155 0.3405149723758537 0.3472173416216125 1.0196830383081095 1.0194912151409639
554 0.001 0.3062524456676581 -0.301708053256368 0.5083464594802579 -0.3010757201346104 0.3395661591940817 0.34979511231755517 1.0301235940228868 1.029676610933026
555 0.001 0.30824860168531176 -0.3017324411373429 0.5032150138109163 -0.30124802614558116 0.3417794542768004 0.34626414523637594 1.0131215931895763 1.0130360662107711
556 0.001 0.30743861800277617 -0.30167870722827067 0.504023191932769 -0.30179397666811064 0.34088136169997585 0.34682025564421687 1.0174221726721102 1.0172717172519565
557 0.001 0.3088982979068361 -0.3019585127077105 0.5037822989209444 -0.3014395203174584 0.34249982354635833 0.346654496255996 1.012130437518533 1.0120573073120378
558 0.001 0.30545137557898205 -0.3018020834140207 0.507925548051227 -0.301265625581701 0.3386779498194138 0.34950548157881817 1.0319699932197468 1.0314669934363438
559 0.001 0.30663528924393746 -0.3022792025025551 0.5049057999911678 -0.301539004659829 0.339990647960158 0.34742758157156894 1.021873935815677 1.0216372894750756
560 0.001 0.3062329725455778 -0.30164671810139987 0.5017659343388728 -0.3013778419685286 0.33954456781296505 0.34526702819694827 1.0168533409939144 1.0167125101774719
561 0.001 0.3046546728588463 -0.3018863278889022 0.4998260736395845 -0.30097137821438774 0.33779458288953934 0.3439322027476243 1.0181696811286403 1.0180060985937307
562 0.001 0.30133731625352944 -0.30114655601329327 0.4947084035802109 -0.30136402401505796 0.3341163688635623 0.3404107147155191 1.0188387832459869 1.0186629892414658
563 0.001 0.3035371936005829 -0.3014966846638104 0.5007004759592645 -0.3010460333380472 0.336555545797508 0.3445338822752754 1.0237058535430215 1.023428161263178
564 0.001 0.3034868078892853 -0.30148839053033 0.5023615218587267 -0.300977841907981 0.33649967919887136 0.3456768542113071 1.0272724628869914 1.026905572276312
565 0.001 0.3024545730496981 -0.30153981937524904 0.4986858807515503 -0.3011477318392257 0.3353551592943828 0.34314763172938334 1.0232364769678708 1.0229696105545647
566 0.001 0.30157358473557816 -0.3017844901207823 0.5000168994338434 -0.30115360521487305 0.3343783383012691 0.34406351069497215 1.0289647123761254 1.0285512233893952
567 0.001 0.2989770887236895 -0.30165191445133027 0.4957475927263844 -0.301352261403172 0.3314993990777875 0.3411257846787812 1.0290389232311543 1.0286233279201082
568 0.001 0.30087806382797694 -0.30148349900302046 0.4950308837044168 -0.301160929379668 0.33360715960025195 0.3406326145028848 1.0210590651323286 1.0208396335323824
569 0.001 0.30019921851236864 -0.30159881602678473 0.48860190068200887 -0.3017508702471002 0.3328544704388463 0.33620880708479034 1.0100774871418177 1.0100269638422221
570 0.001 0.29991832722860634 -0.3018060253987517 0.49695288482570027 -0.3008972277049709 0.33254302419334675 0.3419551507093555 1.028303485056828 1.0279085307157918
571 0.001 0.2980679209392918 -0.3015421705255451 0.49390079971182643 -0.30125470832012513 0.3304913332909564 0.33985499945365133 1.0283325619145702 1.0279368013377717
572 0.001 0.2970690674034674 -0.30153999120286795 0.49005612670643484 -0.30153922179038234 0.32938382586185533 0.3372094654862854 1.0237584210577242 1.023479503097318
573 0.001 0.2965550457198994 -0.30209111605347316 0.4930445032944808 -0.3011191564747015 0.3288138896170977 0.33926577866555185 1.0317866409494603 1.0312893492936899
574 0.001 0.2933050779275563 -0.30174347252709366 0.4932651910014657 -0.30147976690680733 0.3252103948650982 0.33941763470745445 1.0436863029801051 1.0427524546368996
575 0.001 0.29635873673334756 -0.30159195481306483 0.4859491424960244 -0.3013304739604367 0.3285962264130264 0.3343834341913379 1.017611911863642 1.0174581759357022
576 0.001 0.29420226496155466 -0.30159391766586563 0.4897924769023168 -0.3007081644449507 0.3262051766522261 0.3370280470636249 1.03317810747969 1.0326366955827764
577 0.001 0.29403838196469545 -0.3016287579548247 0.48690505278863094 -0.30102964978439434 0.3260234666917411 0.33504119966197715 1.0276597665246054 1.027282453379261
578 0.001 0.29507177213437424 -0.3012841609016209 0.487285341380467 -0.3008919698880362 0.3271692676015159 0.3353028776735254 1.0248605565297657 1.024555326982488
579 0.001 0.29491825537737615 -0.30126472857982417 0.4866834043627406 -0.30045201982089353 0.32699905150599334 0.3348886825457793 1.0241273820319976 1.023839786217186
580 0.001 0.294739035766721 -0.30155558880127237 0.48424859444153645 -0.30114647848044973 0.32680033663627284 0.3332132806737366 1.0196234315529527 1.0194327628075335
581 0.001 0.2937573617343159 -0.3014645608223931 0.48651963733160525 -0.3008620815021249 0.3257118774729912 0.3347759938351931 1.0278286331850257 1.0274467306848472
582 0.001 0.29208753730489895 -0.3019601814352688 0.48051789880494195 -0.30127033715213913 0.3238604118731348 0.3306461749628806 1.0209527402577503 1.020735507407341
583 0.001 0.2902132631205415 -0.30168396457574104 0.4845206978417806 -0.3010465991420909 0.32178225675939726 0.33340051604771304 1.0361059662062193 1.035465704443167
584 0.001 0.29236546824711074 -0.301458013197117 0.4831930191045525 -0.30121003333461555 0.32416857575526253 0.33248693531089596 1.0256605981509865 1.025335535651342
585 0.001 0.2927696108369732 -0.30134644018760814 0.48713138816145796 -0.301200892843579 0.3246166804118871 0.33519694188400506 1.032593092439653 1.0320704547908628
586 0.001 0.2922528589441871 -0.3010366985424926 0.48203010947709146 -0.3014133001803873 0.3240437169695639 0.33168673281874367 1.0235863726063161 1.0233114562596481
587 0.001 0.29222312982937865 -0.30178631464358 0.4839663840386458 -0.3011736621108851 0.32401075396314694 0.3330190906331937 1.02780258543848 1.0274213926327234
588 0.001 0.2899538905636466 -0.30139476758421485 0.47762693128038897 -0.30147372280068674 0.32149467001783466 0.3286568893268769 1.0222778788483335 1.0220324606042968
589 0.001 0.28876916135490277 -0.3016806789897367 0.48063933523398095 -0.30083856908377976 0.32018106761958715 0.33072973582682086 1.032945946134975 1.0324120237408296
590 0.001 0.2902114725311121 -0.30153037214882583 0.47331033909310044 -0.30097466948859425 0.3217802713921493 0.3256866259940204 1.0121398200858325 1.0120665770486215
591 0.001 0.2874424530545839 -0.30141342217630473 0.48424946760635407 -0.30110112806573885 0.3187100418423789 0.3332138815017344 1.0455079468959079 1.0444954975266334
592 0.001 0.28483057210980367 -0.3012490678468563 0.4719106634068005 -0.3008388284495209 0.31581404413448244 0.32472350388553156 1.0282110942072455 1.0278186962765554
593 0.001 0.28779871686703834 -0.3013586466547511 0.47212478993538765 -0.30103673709852974 0.3191050595350255 0.3248708451558807 1.0180686123537392 1.0179068365100483
594 0.001 0.2873412379981251 -0.301394765083544 0.4707099078772781 -0.30043270199104477 0.3185978167533698 0.32389725948570897 1.0166336442174728 1.016496446208927
595 0.001 0.28584545865154665 -0.3011925910991161 0.4711013860903258 -0.30131011090314824 0.3169393286175047 0.3241666371177336 1.0228034448478027 1.0225463773120265
596 0.001 0.28741388217540415 -0.3013681399848401 0.4775260683477614 -0.30109695115277635 0.3186783630628455 0.3285874851632614 1.031094430149504 1.0306183993101838
597 0.001 0.2875351202261784 -0.30209196296820856 0.47364793276484035 -0.3009554848749 0.31881278921954065 0.3259189254703356 1.0222893700977018 1.0220437000038476
598 0.001 0.28561869554044694 -0.30168337447127974 0.4702918174189493 -0.3011044963247502 0.3166878985317297 0.3236095698675309 1.0218564440507276 1.021620173989147
599 0.001 0.28292730699779733 -0.3017923515598601 0.47612641750022006 -0.30132776291501073 0.31370374450045624 0.32762438014641593 1.0443751019552763 1.0434118982498224
600 0.001 0.2835941121921824 -0.3013827969347617 0.47597555541520964 -0.3003750592341001 0.31444308383305936 0.32752057137783586 1.0415893629631219 1.0407421430750012
601 0.001 0.2820181656431687 -0.3011139975068745 0.4695395703621462 -0.3011480903352699 0.3126957080183876 0.32309194583608986 1.0332471394749394 1.0327034907163575
602 0.001 0.28296184626260407 -0.3014995930071168 0.4703817824267448 -0.30167123863237627 0.31374204089827357 0.32367147512804684 1.0316484019844594 1.031155392787006
603 0.001 0.2812028225389803 -0.3016830968821168 0.47263888311645547 -0.30164033068532786 0.31179167302950433 0.3252245946089548 1.0430830029837883 1.0421745009095258
604 0.001 0.2792530142019873 -0.30211939119554315 0.4731214672139516 -0.30162291381254913 0.30962976726344943 0.3255566625430148 1.0514385145211633 1.050148726522442
605 0.001 0.28286689643526264 -0.30216092967960734 0.4733093660036149 -0.3017101695117514 0.3136367625612592 0.3256859564074824 1.0384176706449382 1.0376936201036593
606 0.001 0.2827880850558622 -0.30242740374371097 0.4689975598233011 -0.30223798027668064 0.31354937819002443 0.3227189863440409 1.0292445426202035 1.0288230836707757
607 0.001 0.2841009183895533 -0.30283127260061105 0.47232657821732155 -0.301821051518647 0.31500501970110384 0.32500969643226335 1.0317603723923274 1.031263895904152
608 0.001 0.2836705375602919 -0.3028259970295741 0.4709848458147392 -0.30204381523894525 0.3145278226460258 0.3240864453154143 1.0303903883255057 1.029935512402193
609 0.001 0.2814009410934183 -0.302584473844093 0.47474771741017485 -0.3022618686452244 0.31201134264373037 0.3266756914246676 1.0469994092416113 1.0459202958529665
610 0.001 0.28013775220468745 -0.30280824297921954 0.4730272067630467 -0.30205040255101673 0.31061074583103276 0.32549180157192614 1.0479090177678154 1.0467882287271097
611 0.001 0.28085179645733904 -0.3025893512092341 0.47321390344251174 -0.3020198765381525 0.3114024628207172 0.32562026825984125 1.045657331385043 1.0446382985894613
612 0.001 0.2816715853585895 -0.30325339228194653 0.4713813139138622 -0.3021605753811427 0.31231142721426086 0.32435925650683056 1.038576331964646 1.0378463453732623
613 0.001 0.28171008299301364 -0.3031627592127415 0.46809522338750087 -0.30238428808140544 0.31235411256761686 0.32209808524593614 1.0311952757664107 1.0307161759763743
614 0.001 0.2821479326147911 -0.3025578864013317 0.471297529898581 -0.30221252616379773 0.31283959086003477 0.32430160441053063 1.0366386285028226 1.0359795085785608
615 0.001 0.2791749565915523 -0.3029069937538551 0.46863170813646116 -0.30214991030685306 0.3095432186551159 0.32246724242116476 1.0417519202074603 1.0408981324266053
616 0.001 0.28405385697647 -0.30262449862240937 0.4711048902752934 -0.3026569923025492 0.31495283901320076 0.32416904836060045 1.0292621885113835 1.0288402244688248
617 0.001 0.27978425494377673 -0.30295664480519285 0.46875323918867967 -0.30217388345945506 0.31021879563154486 0.32255086839567104 1.0397528226457733 1.0389780783283433
618 0.001 0.28028468565429937 -0.30306604098000783 0.4677313239189662 -0.3020508398657987 0.3107736624961816 0.32184768465182456 1.035633721553798 1.0350099540762165
619 0.001 0.27896837213839465 -0.3029234355637698 0.4686480467789379 -0.3022536779402702 0.3093141622335255 0.32247848510255595 1.0425597159016977 1.0416729220402836
620 0.001 0.2822986607952252 -0.30320688681893815 0.4667515339055595 -0.302161406053536 0.3130067150415274 0.3211734874554132 1.0260913648859011 1.025755368526898
621 0.001 0.277833518781758 -0.30327428392303035 0.46158491495304005 -0.3023295516072117 0.3080558611129532 0.31761831750567787 1.0310413064636301 1.0305668883885755
622 0.001 0.2763018945278662 -0.3029603572156804 0.46205507211551705 -0.3024899901938498 0.30635762891079493 0.317941834418973 1.0378126882276895 1.037111053872744
623 0.001 0.27747880251561885 -0.30238333640651166 0.46368804064160046 -0.30176180119434104 0.30766255930654984 0.31906548620869213 1.0370630957755915 1.0363887558048173
624 0.001 0.2757678614313934 -0.30275002622044594 0.45908435684735144 -0.3015554356350695 0.3057655044395717 0.31589767406039804 1.0331370591963842 1.0325969752471895
625 0.001 0.2755148657164604 -0.3022981744436699 0.45836599003925244 -0.3014451455426986 0.30548498820393777 0.31540336315562434 1.0324676345309158 1.0319489806177495
626 0.001 0.27299074860000233 -0.30235787892846644 0.46004279796902287 -0.30140662146830427 0.3026863011510944 0.3165571810040435 1.0458259253894184 1.0447994375481342
627 0.001 0.2740736257924659 -0.3025767635139093 0.4582719402497446 -0.3015948028744212 0.303886972212911 0.315338647141436 1.0376839942993727 1.0369870837723587
628 0.001 0.274258844328314 -0.3023008802214971 0.4537652497808807 -0.30171892476366485 0.3040923385625327 0.31223757646544764 1.0267854097917037 1.0264314215627361
629 0.001 0.27087488222683065 -0.30220419575822066 0.45794252912641403 -0.30145799077486995 0.30034027378749417 0.3151119781074825 1.0491832285217935 1.0480027630884647
630 0.001 0.2696588315026273 -0.3021879558610169 0.4524887735397509 -0.30151579818888463 0.2989919427630588 0.3113592283589354 1.0413632738112857 1.0405251474266597
631 0.001 0.2714459518212628 -0.3022936659193185 0.4555363322441354 -0.3012342526680479 0.30097346353522364 0.31345626497523144 1.041474757586218 1.0406321532334364
632 0.001 0.26956893849422303 -0.30236055746658147 0.45494130072538647 -0.3016873958081886 0.2988922713186865 0.3130468215473258 1.0473566953276867 1.0462613040861521
633 0.001 0.2703288252925421 -0.3025308256045719 0.4563717556979012 -0.3021079317447463 0.29973481754216225 0.3140311229985203 1.0476965124491988 1.0465855288215051
634 0.001 0.2695053059495857 -0.30235977885788295 0.446853220869411 -0.30147494189290674 0.2988217169146714 0.3074813833527785 1.0289793744829459 1.0285654697602147
635 0.001 0.2696239189953085 -0.3017371022294046 0.44773624985849264 -0.3009724321788086 0.29895323252193 0.308088998924118 1.0305591825354081 1.03009927787207
636 0.001 0.2658913485090153 -0.3011398236947252 0.4433238129279408 -0.30040122528336277 0.29481463822862203 0.3050527844626372 1.0347274012427963 1.0341346965903984
637 0.001 0.263495223593088 -0.30082692135780775 0.44124040612943743 -0.2998559613182564 0.29215786618921236 0.3036191844020983 1.0392298806203053 1.0384751920253072
638 0.001 0.2626563656975144 -0.3001563101364903 0.4335683586152353 -0.29910506969638884 0.29122775850276245 0.29834001962797996 1.0244216456624275 1.0241270347160671
