Peak Method: Gauss
File Time(Hrs) PeakHeight_E2_30Hz PeakLocation_E2_30Hz PeakHeight_E2_100Hz PeakLocation_E2_100Hz Norm_E2_30Hz Norm_E2_100Hz NormalizedRatio_E2 KDM_E2
1 0.0 0.9877910033866293 -0.30517148408455314 1.646042313959191 -0.3064161643907936 1.0 1.0 1.0 1.0
2 0.0 0.9835738674502872 -0.3050581256350201 1.6364377715704108 -0.30628579101621817 0.9957307406912154 0.9941650695687897 0.9984276159623847 0.9984263787939519
3 0.0 0.9798340746272136 -0.30496358685221364 1.6291396420458217 -0.3062841520080249 0.9919447244081638 0.9897313259993216 0.9977686272688603 0.9977661349761107
4 0.001 0.9773773559887708 -0.30494076931574876 1.6238520060712314 -0.3062351909529981 0.989457640976527 0.9865189930418096 0.9970300416985843 0.9970256248134459
5 0.001 0.9734530283469456 -0.3048906899666442 1.618779944911106 -0.3062820156190558 0.9854848090430809 0.9834376256206249 0.9979226636436498 0.9979205037370549
6 0.001 0.9720621657026307 -0.30495080067616465 1.6139242234358082 -0.3061769242347811 0.984076755477553 0.9804876884081248 0.9963528586063528 0.9963461956357823
7 0.001 0.968546388319867 -0.30494031942070493 1.6103086919436138 -0.30621191123691693 0.9805175234429323 0.9782911886817612 0.9977294288904153 0.9977268482140288
8 0.001 0.9657676657313311 -0.304852197707482 1.6041623461610475 -0.3061045392827913 0.9777044561250392 0.9745571742336255 0.9967809475842144 0.9967757580823473
9 0.001 0.9634505575278292 -0.3048382128250438 1.601501096755771 -0.30612259371352474 0.9753587086991589 0.9729404178582226 0.9975206138835203 0.9975175363906165
10 0.0 0.9608855637296347 -0.3048032623686441 1.59791473078514 -0.3061911558802714 0.9727620118377779 0.9707616367052614 0.9979436130233568 0.9979414964834453
11 0.0 0.9590559097697227 -0.30489534829040693 1.5939904573145312 -0.3062030402711664 0.9709097435404972 0.9683775707323946 0.9973919585986759 0.9973885532180136
12 0.0 0.9561389191482097 -0.30484584611462606 1.5909077160145622 -0.30620778124902204 0.9679566992107634 0.9665047505297633 0.9984999859165352 0.9984988600510029
13 0.0 0.9552364314323475 -0.30486608600528664 1.5872069879638233 -0.3061806045659419 0.9670430568382696 0.9642564923778585 0.9971184690891409 0.9971143114888189
14 0.0 0.9531448020276928 -0.30488558568586444 1.58355948204899 -0.30623855011417406 0.9649255751063207 0.9620405676206996 0.9970101243452861 0.9970056479751758
15 0.0 0.9520200977463223 -0.304966957894666 1.5812091032658402 -0.30625961136248964 0.9637869695941076 0.9606126706807379 0.9967064309712482 0.9967009982262142
16 0.0 0.9499897711288467 -0.3050169516188726 1.578234451815747 -0.30631507342843944 0.9617315483455696 0.9588055169855584 0.9969575383431637 0.9969529030052781
17 0.0 0.9490068860962569 -0.30504973467044194 1.576072843783606 -0.3063530509526724 0.9607365149536679 0.957492301636348 0.9966232018177468 0.9966174907922747
18 0.0 0.9485452334805984 -0.30506015642737305 1.5729346865346217 -0.3063155674202465 0.9602691563585037 0.9555858152584636 0.9951228870894905 0.9951109649013908
19 0.0 0.9449125064177523 -0.305067672624214 1.570196101768788 -0.3063707644108368 0.9565915291576167 0.9539220762752011 0.997209411957927 0.9972055128266821
20 0.0 0.9419604758331638 -0.30511067068330644 1.5677044124225379 -0.3064254459940695 0.9536030117744178 0.9524083306532815 0.9987471923783952 0.9987464071230399
21 0.0 0.9415003327722467 -0.30517712931026675 1.5644658178802533 -0.3063780912041533 0.9531371813919386 0.9504408268322558 0.9971710739940445 0.9971670669150059
22 0.0 0.9396968804162505 -0.30521766421796565 1.5616085968018922 -0.30638476681673504 0.9513114385477407 0.9487050141777873 0.9972601776197159 0.9972564191576189
23 0.0 0.9377297811526678 -0.3051217732508416 1.5591729882076473 -0.3064012701206442 0.9493200261367767 0.9472253386107682 0.9977934864236113 0.9977910493838492
24 0.0 0.9367430638820182 -0.3051391056611968 1.5565444936196768 -0.30640551906363717 0.9483211131407415 0.9456284813698094 0.9971606328978436 0.9971565961641888
25 0.0 0.934077613234903 -0.3051371791703466 1.5542531797971844 -0.30640520136772487 0.9456227177939761 0.9442364674446138 0.9985340344269686 0.9985329591112501
26 0.0 0.933085970041374 -0.30511014186475427 1.5518368016187827 -0.30637393552654385 0.9446188179911542 0.9427684746974591 0.9980411746426668 0.9980392542634328
27 0.0 0.9310355722854241 -0.3051461888506615 1.5483738601675832 -0.3063662242828053 0.9425430775269061 0.9406646761366128 0.9980070922644491 0.9980051044430555
28 0.0 0.9296881206469271 -0.30516997277899854 1.5470347126007193 -0.30634782030557683 0.9411789715228249 0.9398511201572146 0.9985891616729793 0.9985881657380352
29 0.0 0.9280487846973147 -0.3050970482952013 1.5468779651236662 -0.3063296619361731 0.939519373547148 0.9397558932753028 1.0002517454507212 1.0002517137668232
30 0.0 0.9244604159483344 -0.3049795977648231 1.566363277132914 -0.30613002523459826 0.9358866529243871 0.9515935670969315 1.0167829235767651 1.0166432622773307
31 0.0 0.9110289325534938 -0.30478908374852737 1.5946862417684338 -0.3059649420322411 0.9222891577570987 0.9688002721708705 1.0504300782705518 1.0491897566320207
32 0.001 0.9069442617054003 -0.30473012941298905 1.6176967945550667 -0.30581642843264195 0.9181540007916179 0.9827795925027313 1.0703864402435694 1.0679935290102545
33 0.001 0.8990662259708585 -0.3044535808962039 1.6341064948210475 -0.3056505220725213 0.9101785933344412 0.9927487774543082 1.0907186619467406 1.0867822759684647
34 0.001 0.8930682410437693 -0.30419689147240525 1.6516618744322538 -0.3053138517975385 0.9041064739220096 1.0034139829975246 1.1098405021310371 1.1041220907647693
35 0.001 0.8857219734699684 -0.3039311565859644 1.6763730838983666 -0.30512930793066756 0.896669407226105 1.0184264825283995 1.135788144795702 1.127155069313947
36 0.001 0.8778999289951548 -0.3037269683719754 1.6968952500921155 -0.30482283220699563 0.8887506830749478 1.0308940637197892 1.1599361703476234 1.148093422892106
37 0.001 0.8730009990533709 -0.3034722276900196 1.7188301200735856 -0.3046404234232057 0.8837912028559662 1.0442198876038122 1.1815232876605035 1.166418840162987
38 0.001 0.8668496132116136 -0.30342807309844844 1.7382384161161535 -0.30457494784119715 0.8775637865091203 1.0560107728550459 1.2033436077117239 1.184577300608057
39 0.001 0.8610350723610909 -0.30333560370018037 1.7523412437765373 -0.3044117134665356 0.8716773785234354 1.0645784916437948 1.2212987486805282 1.199251675455165
40 0.001 0.8546503213506462 -0.3032437413996946 1.7659913136794807 -0.3043272604933455 0.8652137126380866 1.0728711520372638 1.240007106181914 1.2142913792724572
41 0.001 0.8503509479844019 -0.3031401672378551 1.7846355046843936 -0.3042797905496366 0.8608611994531071 1.0841978298795047 1.259433960513356 1.2296450925739038
42 0.001 0.8441356316230952 -0.3030750271962709 1.7963280248152347 -0.3042291670150698 0.8545690624119744 1.091301243948319 1.2770193679469053 1.2433175333037965
43 0.001 0.8417668184064686 -0.3030637839856585 1.8075573428969518 -0.3042872244928088 0.8521709709042514 1.0981232545287807 1.2886184721400984 1.2522206961566729
44 0.001 0.837782821108035 -0.30307805811910155 1.820950578253395 -0.3041859893314082 0.8481377318032933 1.1062598833644202 1.3043398989127777 1.2641449718909696
45 0.001 0.8341175182006418 -0.30303152089465046 1.8337440382665589 -0.3041767912300625 0.8444271261237247 1.1140321380049416 1.3192756408937467 1.2753235840227355
46 0.001 0.8309634582089439 -0.30304847784217326 1.8431109364775586 -0.30423170086775286 0.8412340822704357 1.1197226953688466 1.3310477059450425 1.2840334027491134
47 0.001 0.8273072115292501 -0.3030738069887777 1.854861373653474 -0.3042530257865146 0.8375326447526223 1.1268612950732808 1.3454535797898552 1.2945729412566815
48 0.001 0.8236618497838649 -0.3031101040338215 1.862211071468842 -0.30411254039557256 0.8338422267058015 1.1313263672971472 1.3567631034549474 1.3027568642193548
49 0.001 0.8203404771276022 -0.30310719540478226 1.870955291512337 -0.3043433867557462 0.8304798022203836 1.1366386365926204 1.3686529564640655 1.3112764623943831
50 0.001 0.8167442890629346 -0.3030852173631924 1.87900064510523 -0.3042205222282929 0.8268391656359867 1.1415263320817732 1.3805905423018223 1.3197446478417283
51 0.001 0.814096802978006 -0.30305009585474546 1.8852506174616814 -0.3042419753357158 0.8241589568915744 1.1453233015177646 1.3896873800140503 1.3261408862708721
52 0.001 0.8113857064025445 -0.3029966226331341 1.8927954448654767 -0.30407199870587154 0.821414351437418 1.149906918439281 1.399910917586263 1.333271468249728
53 0.001 0.808922008533423 -0.3029842347397822 1.8975136474470662 -0.30414746847319973 0.8189202025125192 1.1527733104764581 1.4076747733657666 1.3386460479426505
54 0.001 0.8058708003102915 -0.3029978668689547 1.9036874801201038 -0.3042227452911758 0.8158312816652241 1.1565240236997336 1.4176019597325424 1.3454679196063704
55 0.001 0.8036288404317404 -0.3030260925662399 1.9093966759824454 -0.30399297492016 0.813561611389969 1.1599924617914674 1.4258200553608003 1.351073076850679
56 0.001 0.8012406294805723 -0.3029294837907276 1.9127359568335127 -0.3041013691172665 0.811143882393673 1.1620211343369715 1.432570915665252 1.3556491717298642
57 0.001 0.7989401337537095 -0.3029440115945753 1.919475138505154 -0.30420295400059244 0.8088149527729582 1.1661153071382964 1.441757849728621 1.3618359206075397
58 0.001 0.7968755392508818 -0.30303245376680926 1.9225694739525208 -0.3042231169372044 0.8067248400914807 1.1679951709918104 1.4478234869517126 1.3658952447665167
59 0.001 0.7948479834714272 -0.3031166156617023 1.9259965677471422 -0.3043018471638528 0.8046722239282406 1.1700771914633123 1.4541041142830078 1.370077301643479
60 0.001 0.7931101172746705 -0.303055037280066 1.9277777180897382 -0.30427287535446024 0.8029128778815582 1.1711592719951984 1.458638046864111 1.3730830143534827
61 0.001 0.7907188015293203 -0.3031322393063877 1.9308097135873548 -0.3042423125529733 0.800492005716139 1.1730012632197884 1.465350378072038 1.377512569581248
62 0.001 0.7896785608142222 -0.3031262318998957 1.9326481042973205 -0.3042254678690435 0.7994389077313105 1.1741181182935465 1.4686777275145642 1.3796994012551194
63 0.001 0.7875567195708741 -0.3030344453505376 1.9351147587077093 -0.3042126947847954 0.7972908407454063 1.1756166547463889 1.4745141856229989 1.3835210873956112
64 0.001 0.7860487203948363 -0.303053007808564 1.938526686463108 -0.30428258345768117 0.7957642028525042 1.1776894615791562 1.479947775179631 1.3870628083245558
65 0.001 0.7835366798603544 -0.30309244060671564 1.9417309918025427 -0.30422875438157543 0.7932211137518043 1.1796361340992128 1.4871466652214154 1.391731353870961
66 0.001 0.7810740735748936 -0.3031182970291863 1.9420141752109141 -0.30429494358689013 0.7907280699024295 1.179808173059554 1.4920529799898647 1.3948976879230441
67 0.001 0.7802412175801012 -0.3031901488887346 1.9436600075351733 -0.30435927505148413 0.7898849198920155 1.1808080454870742 1.494911493750889 1.3967367138998839
68 0.001 0.778595997188424 -0.30324383234197183 1.9457858013066796 -0.30439911516173007 0.7882193647431666 1.18209950303557 1.4997087814770262 1.3998135984318612
69 0.001 0.776055665194873 -0.30326020425760863 1.9453282116486563 -0.3043815558642298 0.785647634503833 1.1818215091746938 1.5042640711583888 1.4027243587974596
70 0.001 0.77440483887924 -0.3032063921660865 1.9458499332320294 -0.30429054974826836 0.7839764041423769 1.1821384643215624 1.5078750560289513 1.4050242094860474
71 0.001 0.7734572288537661 -0.3031810691713704 1.9463472933667028 -0.3043108796567084 0.7830170817531011 1.1824406194547905 1.5101083322568365 1.4064432803170677
72 0.001 0.7721652794460389 -0.3031934883270473 1.945644484706887 -0.30426965115295135 0.7817091639817327 1.1820136506862142 1.512088773100063 1.4076995833774741
73 0.001 0.7701160393665918 -0.3031860335767767 1.9447881484436649 -0.30436830692827194 0.7796345955027515 1.1814934111662698 1.5154450789916236 1.4098241566047247
74 0.001 0.7691826746670093 -0.3033045067952804 1.945854306645838 -0.30445314445485994 0.7786896945101504 1.182141121248284 1.5181157906448632 1.411510695870089
75 0.001 0.7677305096879204 -0.3032450226840093 1.9443182641711694 -0.30444170381699504 0.7772195809192085 1.181207948108297 1.5197866563157045 1.4125640200632765
76 0.001 0.7662546671154973 -0.30334729597654975 1.9444937358260366 -0.30447475450543915 0.7757254970822801 1.181314550261461 1.5228512595044439 1.414492338804901
77 0.001 0.7646710177711901 -0.3033290160070909 1.944329942909921 -0.30442402945352853 0.7741222739927018 1.1812150431499326 1.525876573809926 1.4163913464835027
78 0.001 0.7631951454009507 -0.3033302976780225 1.9424107369640973 -0.3044176489097235 0.7726281599896593 1.180049091382139 1.5273182528034348 1.4172946974276037
79 0.001 0.7623857720555037 -0.3033335501746462 1.9434182974546486 -0.3044692126220062 0.7718087828717548 1.1806612023114917 1.5297327894073378 1.4188053312393067
80 0.001 0.760280541674771 -0.3033542246125392 1.942581734778915 -0.30449111637955745 0.7696775320570429 1.180152975597853 1.5333083355620007 1.4210370510968136
81 0.001 0.7589003328345902 -0.3034151745715681 1.94306865501353 -0.3045181567884158 0.7682802639755878 1.180448788305999 1.5364819892646728 1.4230126541684605
82 0.001 0.7575723229430724 -0.3034224804142956 1.9425143423940259 -0.304530481413661 0.7669358400165066 1.1801120335246649 1.538736321801398 1.4244129783585637
83 0.001 0.7561601532287404 -0.30339073252146825 1.9406216599806172 -0.30446271254993257 0.7655062160277373 1.1789621952748472 1.5401079319676338 1.4252637655040525
84 0.001 0.7552930637619704 -0.30338086856817814 1.940226712736541 -0.30447008774634043 0.7646284094231041 1.1787222577952776 1.5415622062546677 1.4261648248639425
85 0.001 0.7545562448800023 -0.30335739253808747 1.9386435757888365 -0.3044701159144223 0.7638824835344881 1.1777604739247909 1.5418084578602815 1.426317298760097
86 0.001 0.7525479969366163 -0.3033465235073939 1.9381403278148688 -0.30443512942977957 0.761849413850212 1.177454741824407 1.5455216220142787 1.4286128369890694
87 0.001 0.7510424788848891 -0.3032552834700309 1.9379557324821837 -0.3042620065034512 0.7603252877480653 1.1773425968745963 1.5484722339850812 1.4304321833849667
88 0.001 0.7502450262168551 -0.30323413078606143 1.9377765893506214 -0.3042988804904097 0.7595179786459375 1.1772337642339996 1.5499748489598133 1.4313570772544357
89 0.001 0.750011574917847 -0.30319769176074157 1.935860100473613 -0.30434868415310395 0.7592816419125519 1.1760694631338664 1.54892387516636 1.4307102934806428
90 0.001 0.7484545655408785 -0.3032980717120423 1.9343126145549252 -0.3044208204776374 0.7577053880576066 1.1751293378979812 1.5509053471434981 1.4319292738638079
91 0.001 0.7479530439352252 -0.303439298004426 1.9339413542081996 -0.30456752444854335 0.7571976676957751 1.174903790630103 1.5516473977071898 1.4323852881890176
92 0.001 0.7464780085452548 -0.3036169447717686 1.9324486390071531 -0.30477489596591667 0.7557044010179929 1.173996939579928 1.5535134346160513 1.4335308576117032
93 0.001 0.7448353603009534 -0.30377344263652845 1.9318510254330827 -0.3048544543527843 0.7540414498080005 1.1736338786980767 1.5564580421897443 1.435335165300118
94 0.001 0.7440041022571141 -0.3038022946936566 1.9302965769819609 -0.3048391520822489 0.7531999174990511 1.1726895235998271 1.5569432448873104 1.4356320743535753
95 0.001 0.7432600679341343 -0.3038180803423514 1.9289209428521736 -0.3049433763166878 0.7524466869873043 1.1718538013841093 1.5573911370067357 1.4359060520238816
96 0.001 0.7423945487192887 -0.3039323665064027 1.9264471502066105 -0.3050442537197944 0.75157047004275 1.170350928326361 1.5572071748106207 1.435793533116366
97 0.001 0.7418162883634385 -0.3040332603973183 1.923707986695039 -0.3050825032664054 0.7509850624475527 1.1686868377447628 1.5562051712931129 1.4351803818718856
98 0.001 0.7408100388453058 -0.3040457184750963 1.9219519263248916 -0.3051296266113023 0.7499663757874365 1.1676199998176602 1.5568964656471473 1.4356034537410942
99 0.001 0.7397343469776367 -0.3040716307140275 1.9211798106017648 -0.305148725490156 0.748877388477387 1.167150925774679 1.558534072109886 1.4366047559798905
100 0.0 0.73830759980658 -0.3041220647386822 1.9187516225555632 -0.3051717657686341 0.7474330068560064 1.1656757583226582 1.5595722260459748 1.4372388638631242
101 0.0 0.7374146911709174 -0.30413886262651435 1.9167180529145664 -0.305245735732724 0.746529061960172 1.1644403285747404 1.559805756948367 1.4373814344536289
102 0.0 0.7367238247444823 -0.3042397058151953 1.9146680682487618 -0.30529610625987813 0.7458296564947785 1.1631949264071169 1.5595986513513764 1.4372549978145428
103 0.0 0.7357004287349874 -0.30425652151547167 1.9136761315747877 -0.30529112815349635 0.744793611414406 1.1625923072243887 1.5609590219450982 1.4380851213457049
104 0.0 0.7340511603990579 -0.30427721973854205 1.9120918760754777 -0.30532055120831436 0.7431239582891245 1.1616298438138952 1.56317103069626 1.4394330491034617
105 0.0 0.7332351538929215 -0.3042553311007523 1.9091736982815377 -0.30522591935142024 0.7422978660253371 1.1598569988698786 1.562522340365032 1.4390379990091329
106 0.0 0.7317332232082367 -0.30422703450709865 1.907505727390085 -0.30526221839425 0.7407773716297257 1.1588436768687929 1.5643616034319632 1.4401575836080691
107 0.0 0.7314149955820547 -0.3042516660085952 1.9043614269623605 -0.3052988537999993 0.7404552107423609 1.156933458400495 1.5624624442045376 1.439001512374666
108 0.0 0.730317946983889 -0.3043723297011413 1.9047749088123933 -0.3054307910440434 0.739344602734792 1.1571846559830399 1.5651492574676034 1.440636548397606
109 0.0 0.7275188807021036 -0.30447641815371024 1.902398353789571 -0.3055256118495477 0.7365109402776641 1.155740856511624 1.5692107113519735 1.4431016178135445
110 0.0 0.7271072567010447 -0.304519571599878 1.9000248540289173 -0.3055013599808192 0.7360942286457018 1.1542989131663495 1.568140148700906 1.4424526044564192
111 0.0 0.7256912107288577 -0.3045490200498039 1.8972218179113687 -0.3055864436595042 0.7346606804889235 1.152596018839893 1.5688821376323414 1.4429024822109295
112 0.0 0.7252371963659725 -0.3045375761144577 1.8934230296623433 -0.30548876302836936 0.7342010545545624 1.1502881873723723 1.5667209686456371 1.4415914122092317
113 0.0 0.7241087093588401 -0.304577641318127 1.8918857306419798 -0.3055809509951541 0.7330586195624806 1.1493542508585133 1.5678885974282588 1.442300026564236
114 0.0 0.7229392915710308 -0.3045694509426035 1.8879896974951897 -0.30559390372371353 0.7318747478894243 1.1469873413849536 1.5671907586545764 1.4418765973992769
115 0.0 0.7223885348505401 -0.30464687838948984 1.8859405778243266 -0.3057028223122077 0.7313171838717298 1.1457424647171512 1.5666833625478025 1.4415685789814663
116 0.0 0.7210256318869406 -0.304697801037988 1.8823381834813815 -0.30576166591145987 0.7299374355657351 1.1435539460427557 1.5666465238304277 1.4415462110339778
117 0.0 0.7204974959839245 -0.30485771909527215 1.8780766860799731 -0.3058245909528006 0.7294027719565249 1.1409650105304248 1.5642455093362744 1.4400869630321185
118 0.0 0.7207468420589007 -0.3048402040505576 1.8771335400560825 -0.3058308947934509 0.7296551999236974 1.1403920325359391 1.5629190782923137 1.4392796347416397
119 0.0 0.7199791951666994 -0.304883921860532 1.8718697096767571 -0.3058938605493408 0.7288780649937685 1.1371941619012138 1.560198085959599 1.437620892720595
120 0.0 0.7198753093879231 -0.3049776782781683 1.8685442603089404 -0.3058878729661681 0.7287728951973034 1.1351738922279404 1.5576510867910511 1.4360650204955878
121 0.0 0.7195458179782603 -0.3050267421155086 1.8638821975576052 -0.3060270328076727 0.7284393313072364 1.1323416061367513 1.5544762033986872 1.4341212516765403
122 0.0 0.7198512274342921 -0.30511979492151287 1.8593400625181886 -0.30602784063905164 0.728748515593168 1.1295821782648812 1.5500301600552187 1.431391101698427
123 0.0 0.7178987992009829 -0.3051288918833508 1.853512595333573 -0.30613060920781937 0.7267719555449237 1.126041888240016 1.5493744353353938 1.4309876397290526
124 0.0 0.7182573234753419 -0.30522013456589303 1.8503138202636524 -0.3061717379859572 0.7271349111429498 1.1240985754571104 1.5459284903405226 1.428863962528267
125 0.0 0.7174914740490469 -0.3052641885697604 1.8470510336450956 -0.30620750830436816 0.7263595958954234 1.1221163745192082 1.544849659672925 1.4281979154265256
126 0.0 0.7162907380435757 -0.30526729812081127 1.845398747845484 -0.30630397561646266 0.7251440189147115 1.1211125814905603 1.5460550625081015 1.4289420684957115
127 0.0 0.7158302048479637 -0.3053658377096042 1.8409106364126022 -0.3062967357658961 0.7246777935755121 1.1183859739211068 1.543287215140214 1.4272322936285133
128 0.0 0.7154578998457721 -0.3054262690403711 1.8378838756336973 -0.306393273436895 0.7243008869212552 1.1165471628812953 1.541551561019536 1.4261582328884912
129 0.0 0.7152135080644954 -0.3054518618578421 1.8346526620373176 -0.30643543810697255 0.7240534744823497 1.1145841431162642 1.5393671633343353 1.4248043930962035
130 0.0 0.714656620650019 -0.30554499128979173 1.8324966642802671 -0.30648775035868775 0.7234897039959137 1.113274336109016 1.5387562946096933 1.424425373757682
131 0.0 0.7141504524018135 -0.3055599272931932 1.829689496724529 -0.3064474476435911 0.7229772795594994 1.111568931860333 1.5374880556932542 1.4236379000778467
132 0.0 0.7124587107708694 -0.3055955892626076 1.8275350850445935 -0.30652057878008304 0.7212646281735848 1.1102600884231595 1.5393241884530018 1.4247777348835218
133 0.0 0.7121015916167489 -0.3056571324473246 1.8250546555898677 -0.30658093166922745 0.7209030950629408 1.1087531833857307 1.538005858178383 1.4239595085604166
134 0.0 0.7114473164830127 -0.3056586332566522 1.8227834124170943 -0.3066105257736643 0.7202407331549127 1.1073733627374327 1.53750449226433 1.4236481108923598
135 0.0 0.7104243358472151 -0.3056957147711821 1.8196760205069633 -0.306663484058285 0.7192051085822143 1.105485566850426 1.5370935963312264 1.423392812238297
136 0.0 0.7092629633069456 -0.3058244880504488 1.817137294097686 -0.3067189586548913 0.7180293815951414 1.1039432453756086 1.5374624962047354 1.4236220216130202
137 0.0 0.7088106887811183 -0.3058521690534217 1.8153191071448642 -0.30679659588168523 0.7175715170020476 1.1028386644438777 1.5369041807169874 1.4232750963146317
138 0.0 0.7080310453135447 -0.30588457303233124 1.8119992672635945 -0.30679584890539097 0.7167822372202914 1.1008218026335124 1.5357827600507246 1.4225778079191667
139 0.0 0.7075724346804928 -0.305926660811962 1.808400416863298 -0.3068262899150304 0.7163179582063305 1.0986354369673466 1.5337259444372218 1.4212972958729129
140 0.0 0.7072683337979189 -0.30594104479115236 1.8046495967978298 -0.30682256840608685 0.7160100986676919 1.0963567470250166 1.5312029104967242 1.419723688127777
141 0.0 0.706792112315001 -0.30594208080158736 1.8003118167832663 -0.3068646185678488 0.7155279911355469 1.0937214684676082 1.5285516178505696 1.418066701995882
142 0.0 0.7070122526216288 -0.30606332199167174 1.7960181196221991 -0.30701372811571837 0.7157508523540365 1.0911129710282321 1.5244312562669893 1.4154846799373684
143 0.0 0.7063026500054589 -0.3061647025997163 1.7942319527253279 -0.30709597768332875 0.7150324791215034 1.0900278428503454 1.5244452170754053 1.4154934427002384
144 0.0 0.7058673728664613 -0.30624507409117063 1.7900704743672624 -0.30722341752660937 0.7145918220012165 1.0874996706868632 1.5218473500596705 1.4138611720866634
145 0.0 0.7049093073167878 -0.3063757832894332 1.7865107260873436 -0.30727688181340945 0.7136219148585227 1.085337060254719 1.5208852722381567 1.413255833555401
146 0.0 0.7046170077585564 -0.3064220816738164 1.7831663151962813 -0.30731765264860245 0.7133260025073985 1.0833052711186195 1.5186678563668141 1.4118588761560598
147 0.0 0.704415813211396 -0.30640754317502716 1.7793320314884495 -0.3073160849614803 0.7131223212160417 1.0809758755281689 1.515835142679099 1.410070702907655
148 0.0 0.7036641172170148 -0.3064320414474845 1.7752503246059548 -0.30733755436459753 0.7123613343354122 1.0784961659557721 1.5139734766232653 1.4088933168170312
149 0.0 0.7033430853162863 -0.30644303230331177 1.7706494681142537 -0.3073146171028313 0.7120363345129518 1.0757010637565858 1.5107390053239187 1.4068435661698948
150 0.0 0.7029201835046212 -0.30651737654510447 1.7664841534712776 -0.30744188863991273 0.711608205677788 1.0731705609817468 1.5080918859832149 1.4051620985839872
151 0.0 0.702555365503686 -0.3065993382314675 1.764247902451235 -0.3075019636701204 0.7112388785633638 1.0718119986889805 1.5069648622892224 1.4044451279833974
152 0.0 0.701142377379929 -0.3066886457797437 1.7607235365294396 -0.30753606293402425 0.709808426049712 1.0696708836690887 1.5069853278892655 1.4044581531844205
153 0.0 0.7009043152183757 -0.3066712934558139 1.7569978888988198 -0.307512705267751 0.7095674214639878 1.0674074864289178 1.504307348590822 1.402751961634898
154 0.0 0.7007971668026348 -0.3067095308460121 1.7547372723692516 -0.3075556060237228 0.709458948704696 1.066034121655487 1.5026015579926264 1.4016632662818052
155 0.0 0.7006366768496212 -0.3067247973577235 1.7497259355327595 -0.3076108347363798 0.7092964751121411 1.0629896453416074 1.4986535005317019 1.3991377759465975
156 0.0 0.6993944031327837 -0.30675974470049344 1.7476518597392998 -0.30766453083458445 0.7080388470181633 1.061729607385189 1.4995358119918982 1.3997028645041212
157 0.0 0.6992217548284339 -0.3068230022817895 1.7437644776433134 -0.3077058442353934 0.7078640647982829 1.0593679535789535 1.4965697600157697 1.3978016300354716
158 0.0 0.6988281667396969 -0.3068584996851068 1.740430614517491 -0.30777695695209933 0.7074656120006896 1.0573425723979535 1.4945497766426037 1.3965042359733664
159 0.0 0.6980472994208886 -0.30693843405424315 1.7372087668162948 -0.30779445985624865 0.7066750932410217 1.0553852425809291 1.4934518743834866 1.3957981940240929
160 0.0 0.6981027678049598 -0.30698159648275997 1.7332788141846056 -0.3078231609508439 0.7067312472086941 1.0529977264166352 1.4899549589402696 1.3935452383835853
161 0.0 0.6971919821623941 -0.3069644023155437 1.7295528310494748 -0.30779684852538347 0.7058092043479642 1.050734125351503 1.4886942800954046 1.3927314688702306
162 0.0 0.6967683969133321 -0.3069670115465507 1.7252585056141585 -0.30782403764373495 0.7053803836281868 1.0481252462243393 1.4859007573094305 1.3909253061536828
163 0.0 0.6966591473713537 -0.30701769206990853 1.7213910525038563 -0.3078782622158871 0.7052697837729504 1.045775699631579 1.4828023597396154 1.3889172715223692
164 0.0 0.6965591458100324 -0.30703239872374777 1.7178891840342452 -0.30789205736751235 0.7051685462024739 1.0436482522142716 1.4799983037170386 1.387095670991076
165 0.0 0.695427323647814 -0.3070668017333392 1.7147763062721955 -0.3078624620995323 0.7040227348331276 1.041757123574594 1.4797208556361727 1.3869152082548424
166 0.0 0.6951231971901405 -0.3071329728827586 1.71018261620357 -0.30797719278890084 0.7037148494032839 1.0389663751049654 1.4764025172780688 1.3847537013503808
167 0.0 0.6947222557897691 -0.3071380529542651 1.7073694087673017 -0.3080075080243928 0.7033089524078701 1.0372573015213697 1.4748245390168628 1.3837238006420363
168 0.0 0.6940847162598826 -0.30718664630694315 1.7039436924551745 -0.30808195740377736 0.7026635329540577 1.0351761178949979 1.473217364138749 1.382673493240282
169 0.0 0.6934679855992435 -0.30727048313968913 1.6990389026123098 -0.30806083559876374 0.7020391795650062 1.0321963707759414 1.4702831420541307 1.3807524198728678
170 0.0 0.6934217432895482 -0.30725521559236885 1.693922348922516 -0.30810187437139386 0.7019923657050533 1.0290879733511589 1.465953226311206 1.3779092168817983
171 0.0 0.6935587383275105 -0.3072800232219228 1.690088040451965 -0.30810920405054104 0.7021310539877899 1.0267585627169156 1.4623460348112889 1.3755329496950437
172 0.0 0.6925984948565705 -0.3073265160968201 1.6847072156029688 -0.3081431777765335 0.7011589420049434 1.0234896158597393 1.459711278776679 1.3737928778415922
173 0.0 0.6917294173209554 -0.30728196256562096 1.680975536622619 -0.30811443452093734 0.7002791227591358 1.0212225544672686 1.4583078679307175 1.372864500748231
174 0.0 0.6911628998801994 -0.3072840470740065 1.6774956545856317 -0.3081319341334124 0.6997056032202722 1.0191084641990682 1.4564817824936664 1.3716549300278342
175 0.0 0.690381780929647 -0.30735354959203737 1.6735931665710426 -0.3081847280964557 0.6989148297187173 1.0167376332784448 1.4547375303048546 1.3704978839414905
176 0.0 0.690297364634316 -0.3073952279017693 1.6702305107196764 -0.3081937524070452 0.6988293700465382 1.0146947600042588 1.4519921507258426 1.3686734075327633
177 0.0 0.6899823286645042 -0.3074186076848252 1.6673804635679406 -0.30820740371446975 0.6985104402640926 1.012963305637888 1.4501763284381364 1.3674644336516801
178 0.0 0.6886945099450097 -0.3074752417771066 1.6643519317268152 -0.3082633304361367 0.6972067042358445 1.0111234186462585 1.4502491334395218 1.367512941679924
179 0.0 0.6879433847352991 -0.3074993081631837 1.6614536746491742 -0.3082608627512206 0.6964462951947261 1.0093626758919183 1.4493043941165642 1.3668832630160883
180 0.0 0.6873147772172289 -0.30751611650896105 1.6569184196054252 -0.3083306316594943 0.6958099181514902 1.006607427739858 1.4466701343005313 1.365124932894338
181 0.0 0.6869787869723976 -0.30760119700069616 1.6535219418407614 -0.30844834278339994 0.6954697751013111 1.0045440070514224 1.4444107321631448 1.363613795599621
182 0.0 0.686995874224293 -0.30761867565407996 1.6484693350650326 -0.3083936576560584 0.6954870735499069 1.0014744585149842 1.4399612826781318 1.3606297245792562
183 0.0 0.6863207840306842 -0.3076226092614494 1.6445078278100163 -0.30842933623919483 0.6948036393099774 0.9990677723554482 1.437913844762876 1.3592529290594926
184 0.0 0.6865507396619898 -0.3076398137436773 1.640899991155081 -0.30846310338678845 0.6950364371695622 0.9968759473796628 1.4342786853582805 1.356802767054063
185 0.0 0.685885969267334 -0.3077277025848012 1.6377718407340363 -0.3085699311031864 0.694363450280254 0.9949755403278412 1.4329319032075438 1.3558931531431457
186 0.0 0.6854331527253483 -0.30785686910091553 1.6349404878079525 -0.3086291908706063 0.6939050369717371 0.9932554430362512 1.431399673031494 1.3548570626347254
187 0.0 0.6854829338958944 -0.30795402770223723 1.6310478686774543 -0.308782104426699 0.6939554334325021 0.9908906076383475 1.4278879592268903 1.3524775166010066
188 0.0 0.6841946576210147 -0.3079416335495328 1.6276488952094048 -0.308694008417211 0.6926512341935306 0.9888256707656895 1.427595335070761 1.3522789230094623
189 0.0 0.6838193768420759 -0.3079546887890053 1.6243923898767494 -0.30872958028101494 0.6922713149822276 0.986847285820759 1.4255209835555498 1.3508697607157225
190 0.0 0.6829881892890237 -0.30803135937929754 1.621227241749822 -0.3088424112956261 0.6914298540353244 0.9849244020041733 1.424474798500463 1.3501581445705275
191 0.0 0.6818164720005684 -0.3081381849666093 1.6163538708919711 -0.3089374855536417 0.6902436544400273 0.9819637424776699 1.4226334949421677 1.3489041952276455
192 0.0 0.682498113711992 -0.3081860651947102 1.6124040749078175 -0.30891259372170793 0.6909337211738673 0.9795641711236059 1.4177397065804918 1.3455621839220386
193 0.0 0.6816348753022755 -0.3082222642100121 1.6095118526868812 -0.30898835415633813 0.6900598132249623 0.977807094652115 1.4169888985164623 1.3450482530328611
194 0.0 0.681042682824833 -0.30822246980342316 1.6046304906239208 -0.30899628010676716 0.6894603013085628 0.9748415803262899 1.4139198130422983 1.3429441283060926
195 0.0 0.6811745035875691 -0.3082310987972337 1.6015490240714725 -0.3089952441707796 0.6895937513625562 0.9729695345554636 1.4109314834030764 1.3408902212542668
196 0.0 0.6806822204972365 -0.3082323011290717 1.5977767112983647 -0.30899997886945174 0.6890953837031577 0.9706777874107415 1.408626164631051 1.3393022716695795
197 0.0 0.6804745261282973 -0.3082805958205382 1.594008801505234 -0.309037472610255 0.6888851222528842 0.9683887151547144 1.4057332403808638 1.3373052619222487
198 0.0 0.6799118231555727 -0.30835287815135 1.5892420144698312 -0.30914986869921285 0.68831546432849 0.9654928071971981 1.4026894022192542 1.3351988832574935
199 0.0 0.679923549528846 -0.3084691198698986 1.5848060319303294 -0.3092503245649818 0.6883273356385475 0.9627978688582001 1.398750011816735 1.332464833644532
200 0.0 0.6796693313420349 -0.30855676403560867 1.58083803478305 -0.30935617063021076 0.688069975340732 0.9603872399736149 1.395769724580747 1.3303904549090215
201 0.0 0.6795097405521451 -0.30862903139588693 1.5769712943517737 -0.30933952675083887 0.6879084120248659 0.9580381263460462 1.3926826734478368 1.3282363163369124
202 0.0 0.6791561499079483 -0.30859937794259906 1.573476227654294 -0.3093659240184747 0.6875504510361704 0.9559148111263583 1.3903195171870666 1.3265835503417513
203 0.0 0.6787700378233308 -0.3086318875237485 1.5694683676871173 -0.30940569452533134 0.6871595666453492 0.9534799648692553 1.3875670385032377 1.3246543717961552
204 0.0 0.678090548524403 -0.3087217465886432 1.5658142494649678 -0.3094656259153307 0.686471678927605 0.951260023017724 1.3857236244673155 1.3233598565327866
205 0.0 0.6775788676710786 -0.30876524872814476 1.5626124895023497 -0.3094707689646478 0.6859536737508316 0.949314896859383 1.3839344159620548 1.3221014918794358
206 0.0 0.6769004455907621 -0.3087676094848672 1.5584565344264791 -0.3095074010835158 0.6852668664424127 0.9467900801881309 1.381637033034189 1.3204829516343102
207 0.0 0.6769170757953884 -0.3087906139916587 1.554249872799541 -0.309503597753648 0.6852837021946814 0.9442344583846914 1.3778737993632382 1.3178249404694458
208 0.0 0.6764212770593735 -0.3088017850445315 1.5506422258470285 -0.3095533143249356 0.6847817754365766 0.942042748656504 1.3756831481911342 1.3162737829555953
209 0.0 0.6758795175969737 -0.3088538542578795 1.5465452010222778 -0.30956279662073055 0.6842333198821705 0.9395537331615765 1.373148173087177 1.3144752420593753
210 0.0 0.6755113421099315 -0.3088594547749083 1.5412732891760605 -0.3095889705634092 0.6838605937834513 0.9363509528918902 1.369213201350788 1.3116757927402094
211 0.0 0.6757810238325505 -0.308932697093724 1.537835443449568 -0.30962929778169185 0.6841336087448089 0.9342624004304267 1.3656139509715555 1.3091070297597782
212 0.0 0.6747980187533726 -0.30895512585767343 1.5340160996027918 -0.309636993736911 0.6831384538225556 0.9319420810714489 1.364206737092156 1.3081005830650074
213 0.0 0.6744446610357162 -0.3089703100131396 1.5297693701983985 -0.30965774227615017 0.6827807286393488 0.9293621173801275 1.3611428653415105 1.305905136569765
214 0.0 0.6741017902623708 -0.30898246273860597 1.526335752894234 -0.30965924229636854 0.6824336200180212 0.9272761337604807 1.3587785046932386 1.3042070325631512
215 0.0 0.672990958771249 -0.3089613960859774 1.5234432093082733 -0.3096527415878898 0.6813090587623372 0.925518862054018 1.358442031778223 1.3039650981016178
216 0.0 0.6722386948567475 -0.3089634399669067 1.5195432235086899 -0.3095878001999638 0.6805474969421521 0.9231495512735419 1.3564807091664486 1.3025534711824953
217 0.0 0.6721409685496275 -0.30892494010686317 1.516550736104284 -0.30962742376939467 0.6804485627477882 0.9213315619186947 1.3540061840944633 1.3007691198828706
218 0.0 0.671697877964565 -0.3089410055517911 1.5139811406198351 -0.30959703989924253 0.6799999956080357 0.9197704869313402 1.3526036659881282 1.2997561136928941
219 0.0 0.6713129724404847 -0.30891174336216776 1.5112036759411165 -0.3095817781628978 0.6796103326907175 0.9180831277090623 1.3508963645007896 1.2985213383281589
220 0.0 0.6699423045427613 -0.3088449034588232 1.5070491990522996 -0.3095081455064989 0.6782227234768006 0.9155592090627523 1.3499388583875283 1.2978280538138323
221 0.0 0.6700694882135723 -0.30888682891726443 1.5041466290986354 -0.3095479689023552 0.678351479124883 0.9137958461594726 1.347083148308791 1.2957570110448662
222 0.0 0.6693398356431489 -0.30883965209995 1.5019003239754316 -0.3095793119317681 0.6776128081226955 0.9124311758201052 1.3465376759154928 1.2953608454467218
223 0.0 0.6690650553308753 -0.3088569238015773 1.4965370865112613 -0.30948550609688286 0.6773346315536324 0.9091729136122096 1.342280272199872 1.2922624386691366
224 0.0 0.6684262829420178 -0.30882332000122803 1.4938177575182163 -0.30953445232615584 0.6766879640028372 0.9075208728536072 1.3411216411849793 1.2914172721177508
225 0.0 0.6679498171397859 -0.30886743587710264 1.4877492866798983 -0.30954542433783083 0.676205609131616 0.9038341688200263 1.3366262518595953 1.2881301633855158
226 0.0 0.6681818482507481 -0.3089414259609224 1.4853933652878848 -0.30961602969290164 0.6764405081235756 0.9024029046465393 1.3340462225566239 1.2862378810910802
227 0.0 0.6676471627091871 -0.3089706813946461 1.4813840701614152 -0.3096535992132711 0.6758992139229524 0.8999671865046246 1.3315109234721116 1.2843743257942124
228 0.0 0.6670310108911991 -0.3089963226617201 1.4768616333099331 -0.3096660295306705 0.6752754465309884 0.8972197256324892 1.328672218487535 1.2822829386447583
229 0.0 0.6669010561832093 -0.30903693185868414 1.4736892145159977 -0.30970147916709984 0.6751438855959886 0.8952924247563016 1.3260764762254718 1.2803660838826731
230 0.0 0.6667740863289391 -0.3090976543388188 1.4694731603468858 -0.3097530249119482 0.6750153464071978 0.8927310968163344 1.3225345195008371 1.2777435743518306
231 0.0 0.6662720221761932 -0.30912579357511444 1.466142948578968 -0.3097864990707488 0.6745070767924467 0.8907079339002442 1.32053163642985 1.2762570709210321
232 0.0 0.6656966716644588 -0.30915259832729497 1.4620033789779021 -0.3098255159068126 0.6739246150067433 0.8881930716965447 1.3179412829247341 1.2743307479502344
233 0.0 0.6651788345686551 -0.3091934186591816 1.4582113859658419 -0.3098631197862676 0.673400377496958 0.8858893684564139 1.3155462902312016 1.2725458709786321
234 0.0 0.6651462407406343 -0.3092121205784141 1.454908631410602 -0.30994662102318316 0.6733673808125288 0.8838828862856755 1.3126309819449897 1.270368238068019
235 0.0 0.6641048676411964 -0.3092732891943933 1.45141129405796 -0.30994447421051197 0.6723131364472049 0.8817581916025663 1.3115290239041888 1.2695436835813672
236 0.0 0.6637143476633938 -0.3093252929815305 1.448578852659336 -0.30995082111942635 0.6719177896820859 0.8800374330445367 1.3097397428053237 1.268203154723506
237 0.0 0.6630073893151291 -0.30924190462654166 1.4440581145625677 -0.30989169855933224 0.6712020934003412 0.8772910041961224 1.3070444994468433 1.2661799540671739
238 0.0 0.6627364755042865 -0.30923113348073883 1.4417828775284645 -0.3099405679014398 0.6709278311222745 0.8759087572059884 1.3055185916804766 1.265032425054344
239 0.0 0.6621292778517783 -0.3092393682958893 1.4372143681130551 -0.3099834346042901 0.6703131285683674 0.8731333064313235 1.3025752729864215 1.2628146636821855
240 0.0 0.66166148270932 -0.30930996530190996 1.4324444901907498 -0.30992810268925114 0.6698395515253953 0.8702355207050061 1.299170105323369 1.2602418191074138
241 0.0 0.6613629144634741 -0.3093534934905946 1.4289238973427576 -0.30994435096198497 0.6695372930063136 0.8680966978945984 1.2965621287452505 1.2582661492439398
242 0.0 0.661054820949327 -0.3092884279309677 1.4249455571728855 -0.30992146938761755 0.6692253914875805 0.8656797854397156 1.293554901608632 1.2559824501281756
243 0.0 0.6605899218142364 -0.3092741696708874 1.4211779788527057 -0.3099418488347095 0.6687547462463335 0.8633909145594053 1.291042672079038 1.2540700578177597
244 0.0 0.6603204875567855 -0.3093309487476753 1.4171280780322295 -0.3099450976656127 0.6684819818087884 0.8609305277357305 1.2878889052569704 1.2516633605726897
245 0.0 0.6601672671929109 -0.3093523296049745 1.4147026270023413 -0.30997227647436454 0.6683268676567569 0.8594570230698303 1.2859830491076938 1.2502057477804343
246 0.0 0.6592752503932706 -0.3093692305770889 1.4118096605714312 -0.30994738798662025 0.6674238256199475 0.8576994944775357 1.2850897159400139 1.2495216830668172
247 0.0 0.6587704687264184 -0.3094763667017431 1.4077785170986308 -0.31004585547759245 0.6669128049028914 0.8552505030763946 1.2824022822607626 1.247460567714678
248 0.0 0.6588139103571172 -0.3094271526219606 1.404311878259114 -0.3100877058713859 0.6669567834677395 0.8531444582863438 1.279160028706133 1.2449674662508106
249 0.0 0.6580708829821234 -0.30937608698074953 1.4005349472289286 -0.31009314786696146 0.6662045723497536 0.8508499054682569 1.2771601108459003 1.243426107392109
250 0.0 0.6573247945720412 -0.3093561947377809 1.397445821239231 -0.3101033223249643 0.6654492623625962 0.8489732064529882 1.2757895371899772 1.2423682266599285
251 0.0 0.6574344003136201 -0.3094855521423424 1.394625757701066 -0.31016724506450727 0.665560222820024 0.8472599676654737 1.2730027105219353 1.240213273181049
252 0.0 0.6573297881634083 -0.3095332467206926 1.3900790159143512 -0.31007667993844307 0.665454317674246 0.8444977411126348 1.2690544169344984 1.23715113654964
253 0.0 0.65640549170573 -0.3095507198304121 1.3875019490140124 -0.31012628657252017 0.6645185970060994 0.8429321271071598 1.268485383110238 1.2367089381392684
254 0.0 0.6565758197421313 -0.30955821373798664 1.3831070153821785 -0.3102353197103849 0.6646910302797547 0.8402621267101088 1.264139409789327 1.2333243338703288
255 0.0 0.6560403379093098 -0.30960170557095895 1.3816070813983259 -0.31028176110284383 0.6641489299457918 0.8393508901209078 1.2637992056833038 1.2330588375691904
256 0.0 0.6554316463287326 -0.30970257970301346 1.3779550348778677 -0.31028542182234947 0.6635327149990163 0.8371322068650237 1.2616291374062312 1.2313634300858742
257 0.0 0.6552054032290344 -0.30967681971143995 1.3751303325567636 -0.3102677926349514 0.663303675557553 0.8354161499343182 1.259477643075161 1.2296793189084276
258 0.0 0.6548089440078291 -0.309686313329719 1.3719003874633953 -0.31024898552325514 0.662902316140585 0.8334539008074415 1.25728011580923 1.2279558606903296
259 0.0 0.6543438555384972 -0.3097169003966426 1.3699149671062738 -0.3103371829096278 0.6624314792249447 0.8322477226063807 1.2563529190673783 1.227227679589536
260 0.0 0.6535096860706189 -0.3097487400204851 1.366603308859421 -0.3103080307195354 0.6615869995070506 0.8302358312845304 1.2549155770943812 1.2260976682975049
261 0.0 0.6530163854562836 -0.3097675218187245 1.363132337345346 -0.31035906015323256 0.661087601747156 0.8281271543175778 1.2526738546131575 1.2243323897915512
262 0.0 0.6529027616239392 -0.3098268521225248 1.359962894811066 -0.31038003729167163 0.6609725735357683 0.8262016615720988 1.2499787353542728 1.2222054203680393
263 0.0 0.6524981966452341 -0.3098440552608363 1.3563158775555015 -0.31034715073351693 0.6605630081749602 0.8239860336841422 1.2473996022888054 1.2201652096377056
264 0.0 0.6517355325356139 -0.30978465233762953 1.353748800961022 -0.31032146914604347 0.6597909176142996 0.8224264889672722 1.246495620068608 1.2194490101530489
265 0.0 0.6515654497140957 -0.30980123280080774 1.3516335021794235 -0.31035352512594006 0.6596187325863584 0.8211414073119224 1.2448727829366446 1.2181618350918868
266 0.0 0.650671755297638 -0.30977571430883366 1.348345138997938 -0.31041350946915525 0.6587139921975579 0.8191436681568602 1.2435498226234538 1.2171111335862053
267 0.0 0.6503855981588142 -0.30984776718464047 1.345284290049423 -0.3104218416536779 0.6584242981855223 0.8172841479473507 1.2412727631705156 1.2152997771045144
268 0.0 0.650080809136793 -0.3098552850756584 1.3417303122174586 -0.31041310764353236 0.6581157420021027 0.8151250431650343 1.2385739941203686 1.213148186968119
269 0.0 0.6496719769375144 -0.30980355944604326 1.338497399905916 -0.3103537475136213 0.6577018566783075 0.8131609914003098 1.2363671823995472 1.2113849498953326
270 0.0 0.6490990506609297 -0.3097545892784367 1.3345463452860609 -0.31032762578011497 0.6571218490910542 0.8107606554026576 1.2338056579980108 1.2093339294408922
271 0.0 0.649083826611766 -0.30975248925842774 1.331862845697445 -0.31031957908699426 0.657106436874187 0.8091303816448943 1.2313536076345186 1.2073661537489604
272 0.0 0.6485447264887565 -0.30978122142569664 1.328697713540333 -0.3103551072529314 0.6565606735283364 0.8072075075302556 1.229448457813271 1.2058342788855705
273 0.0 0.6481784613695656 -0.3097918924092253 1.3259812381459817 -0.3103366697334857 0.6561898814094214 0.8055572003836443 1.2276281960541648 1.204368212305237
274 0.0 0.6479279749019965 -0.30976722361434383 1.3226601700137846 -0.31026846915614087 0.6559362989545191 0.8035395923889816 1.2250268717705117 1.2022689025696591
275 0.0 0.6471218259980164 -0.30972583687096855 1.3199137322773897 -0.3102608418975037 0.655120186131851 0.8018710825863454 1.2240060672240667 1.201443755505275
276 0.0 0.6470824205422128 -0.30973754234707046 1.3171534632036306 -0.31029546740524344 0.6550802936286103 0.8001941700001071 1.2215207475829937 1.199431626127289
277 0.0 0.6461448938667983 -0.3097696877488176 1.3141505500698594 -0.3102903631149179 0.6541311792185781 0.7983698468291259 1.2205041927260747 1.1986073194082696
278 0.0 0.6457383802831231 -0.30978486994302135 1.3110571516923857 -0.3103295984117731 0.6537196411682401 0.7964905522622486 1.2183977688644438 1.196896852250476
279 0.0 0.6451700747135003 -0.3098160491515175 1.3092334045191791 -0.3103515630521167 0.6531443113994181 0.7953825933976797 1.2177746625297918 1.1963902520929504
280 0.0 0.6445230344957139 -0.30983933117976337 1.3057638510723764 -0.3104080816219534 0.6524892738301671 0.7932747779318321 1.215766771575021 1.194755850970406
281 0.0 0.6443012118634526 -0.30989172295611594 1.3019273675648178 -0.31038899852433255 0.6522647094926698 0.790944045923898 1.2126120490852443 1.1921819499926742
282 0.0 0.6443952946494086 -0.309830610391514 1.2995906071189252 -0.31037861685863644 0.6523599551323177 0.7895244223661827 1.2102588703594537 1.1902572347331055
283 0.0 0.6438494128241423 -0.3098577135272362 1.2971505274956872 -0.31042149174295086 0.6518073262630583 0.7880420305694804 1.2090106981268267 1.1892346635569138
284 0.0 0.6435596701127746 -0.30990561699342145 1.294564293940969 -0.3104466863360986 0.6515140023611656 0.786470847658333 1.2071434302379802 1.1877027359437582
285 0.0 0.642716637589347 -0.3099178395417973 1.2921429598492913 -0.3104508760245918 0.6506605500412547 0.7849998441056639 1.2064660198868544 1.1871463399172961
286 0.0 0.6422213687533785 -0.3099291765383933 1.2892950046724008 -0.31046397655229935 0.6501591597327071 0.783269660651242 1.2047352543233556 1.1857232100061736
287 0.0 0.6424137403798488 -0.30989182609690513 1.2864845468668027 -0.31047107893064857 0.6503539090529689 0.7815622575172131 1.201749150174721 1.1832626120543397
288 0.0 0.6416717284921976 -0.30997738079561127 1.2829044710512636 -0.3104941726554257 0.6496027259736462 0.7793872977454148 1.1997906821853974 1.1816451754281585
289 0.0 0.6412035593874751 -0.30996250132709385 1.28075132520194 -0.31045145108463235 0.6491287703462743 0.7780792233228657 1.1986515755692104 1.1807030980047681
290 0.0 0.6407798655056438 -0.31001489070763677 1.2798351510215882 -0.31056938058240613 0.6486998396510375 0.7775226312033422 1.1985861313324877 1.1806489438847971
291 0.0 0.6402914499747583 -0.3101069723639635 1.2760472320174245 -0.31059876768922967 0.6482053873537286 0.7752214029955128 1.19595026224685 1.178465118828655
292 0.0 0.6392082395379206 -0.3101108482830311 1.2737834643324775 -0.31059727997089354 0.6471087885457582 0.7738461238391089 1.1958516675042636 1.1783833310807033
293 0.0 0.6389040779764881 -0.31008706473063063 1.2711130387415617 -0.3105987417661049 0.6468008675782765 0.7722237927676234 1.1939127349333187 1.176773425711677
294 0.0 0.6390866820680082 -0.3100779314083117 1.2686911690753193 -0.31055366709410587 0.6469857286378469 0.7707524638438747 1.1912974733872481 1.1745974480512185
295 0.0 0.6387533989708141 -0.31010400621418255 1.2652650332741064 -0.3106230833681804 0.6466483261953753 0.7686710253704178 1.1887002474636812 1.172431330130612
296 0.0 0.6381314894229791 -0.31017197837460825 1.2636067431145124 -0.3106406003059671 0.6460187299086074 0.7676635845862222 1.1882992691168937 1.1720964511338374
297 0.0 0.6374041965593157 -0.31017029154753895 1.2605678926938366 -0.3106727756065411 0.6452824477789161 0.7658174288738782 1.1867941418674064 1.1708383411964822
298 0.0 0.6375624922256928 -0.3101984435446872 1.2581560361091142 -0.31069040777606005 0.6454426999636742 0.7643521830753536 1.1842293407584774 1.1686904734046868
299 0.0 0.6370416136959773 -0.31017513554080645 1.2560159004186426 -0.3106579154967533 0.6449153834281625 0.7630520125558461 1.183181595854804 1.1678115977183117
300 0.0 0.6364914761730104 -0.3101609052879994 1.253608643790896 -0.3106534847449131 0.6443584462612103 0.7615895613130488 1.1819346292922113 1.1667645096693187
301 0.0 0.636461708392893 -0.31015223544604836 1.2508077895903633 -0.31065006290295283 0.6443283105543499 0.7598879925400104 1.1793490680026746 1.1645895745990282
302 0.0 0.6357371866505901 -0.3101549099902284 1.2485661424536394 -0.31068235947133044 0.643594833796798 0.7585261520103268 1.178577129862133 1.1639392311746466
303 0.0 0.6354335638967531 -0.3101762846179744 1.2473825957430826 -0.3106629349930932 0.6432874582965191 0.757807126320331 1.1780225411623442 1.163471716015702
304 0.0 0.634948168050353 -0.31017768436278975 1.2447361560159012 -0.31068241956058207 0.6427960630066898 0.7561993670879356 1.1764219020738862 1.1621210500645816
305 0.0 0.634474089489331 -0.3102257141452348 1.2419972583866699 -0.31070881721226223 0.6423161248827378 0.7545354380345909 1.1747104094145853 1.160674643077297
306 0.0 0.6345087004405682 -0.3102822693826611 1.2400606606108342 -0.3107808220875699 0.6423511636218218 0.7533589204205463 1.1728147516271634 1.1590699358955907
307 0.0 0.6337902961191405 -0.31033385918538914 1.237323742001779 -0.31079711862876647 0.6416238798958467 0.751696193657179 1.171552707450976 1.1580000401209225
308 0.0 0.6334663098843343 -0.31033784112333596 1.2354503959255752 -0.3108175916560455 0.6412958892240391 0.7505581025763379 1.1703772239745758 1.1570024068558613
309 0.0 0.6333472960738412 -0.31037049385315796 1.232335493443704 -0.3108618263995755 0.6411754044149196 0.7486657438833352 1.1676457623425245 1.1546800360602771
310 0.0 0.6325929260211351 -0.31035616637201546 1.23091318111426 -0.3108351882746782 0.6404117104248754 0.7478016638306036 1.1676889283215657 1.154716782588733
311 0.0 0.6323032496930177 -0.3103607634523593 1.228579447950413 -0.310809798925079 0.6401184537267233 0.746383879400607 1.1660090020139462 1.153285606716862
312 0.0 0.6320145879121994 -0.3103536030956479 1.226525340627897 -0.3108065433645939 0.6398262241155722 0.7451359726456614 1.1645911726667006 1.1520759899098452
313 0.0 0.6319664836465024 -0.31040606534761905 1.2232492434486122 -0.3108248130144514 0.6397775252860303 0.7431456853052315 1.1615689140892964 1.1494922628061275
314 0.0 0.6315556439690898 -0.3103715339019836 1.2212554940568967 -0.31083638897436516 0.639361607671875 0.7419344470674247 1.1604300886458463 1.1485168064349665
315 0.0 0.6314734598816955 -0.31043355446289017 1.2192312983869957 -0.31093890899278365 0.6392784077974961 0.7407047121737741 1.1586574849692197 1.1469964420700878
316 0.001 0.6307640609364322 -0.3105322339093076 1.2181971581494 -0.3109924318523126 0.6385602407532215 0.7400764535750578 1.158976720351539 1.147270434973151
317 0.001 0.6304037630991464 -0.3105435724302459 1.2147763255661723 -0.3109735729244344 0.6381954896712106 0.737998236900907 1.1563827210391495 1.145041712227957
318 0.001 0.6304203894702237 -0.3105656655397614 1.2118735371822884 -0.3109809519854884 0.6382123215425481 0.7362347412973815 1.153589043091357 1.1426354239533913
319 0.001 0.629507549312161 -0.3105865019205827 1.2094313548269737 -0.31103730688492853 0.6372881987727183 0.7347510720535207 1.152933748763111 1.1420700928219212
320 0.001 0.629432597851062 -0.31063772006071366 1.2068068890813979 -0.31105989017825614 0.6372123209191621 0.7331566624060171 1.150568873728709 1.1400270184954822
321 0.001 0.6295069025206153 -0.31065365570029846 1.2043895131517501 -0.31107011822585884 0.6372875439868946 0.7316880635072237 1.1481286122897616 1.137914100154242
322 0.001 0.6294960100549692 -0.3106383468861643 1.2015405806310795 -0.31107697013093105 0.637276516891478 0.7299572862990619 1.1454325821696119 1.135574133979582
323 0.001 0.6290310088204534 -0.3106642301862346 1.199506880481277 -0.31106074268273914 0.636805768288867 0.7287217772647219 1.1443391588974428 1.134623441724263
324 0.001 0.6286936730762305 -0.31064202726755624 1.1973532569995304 -0.31109544728695193 0.6364642631090605 0.7274134126719755 1.1428974961117817 1.1333684848398624
325 0.001 0.6279540480507978 -0.310672578088912 1.1951772380201435 -0.3110707853143479 0.6357154963933312 0.7260914424158446 1.1421641387306936 1.1327294544431417
326 0.001 0.6275680283302112 -0.3106879051106646 1.193220819168014 -0.31111274180285975 0.6353247055081509 0.7249028831451999 1.1409958984129254 1.131710573119213
327 0.001 0.6272897730816607 -0.3107100975877433 1.1912906613357113 -0.31111824194062065 0.6350430110529509 0.7237302779114619 1.1396555277593885 1.1305401976603529
328 0.001 0.627096708913399 -0.31072364150100573 1.1886396069688208 -0.31113873276042237 0.6348475606311513 0.7221197152033175 1.1374694650876538 1.128628237580008
329 0.001 0.6262878543986564 -0.31071917300249596 1.1865382936769462 -0.31114870508595927 0.6340287087566461 0.7208431299818718 1.1369250635282306 1.1281514881969297
330 0.001 0.6260973158244467 -0.31074881969717943 1.1842407181201957 -0.3111103020519003 0.6338358151449849 0.7194473119416757 1.1350688849558113 1.1265241472137388
331 0.001 0.6257388669784401 -0.3107210840513819 1.1825526556729107 -0.311147175688828 0.6334729359075979 0.7184217839628567 1.1341002010347132 1.1256737626187328
332 0.001 0.6253881914976456 -0.31075012545230524 1.1799828057004627 -0.31117571850054604 0.6331179261134288 0.7168605543695136 1.1322701898051795 1.1240651306176772
333 0.001 0.6246901638247805 -0.3107700658124161 1.1783058109973654 -0.31116626063837877 0.6324112708893257 0.715841750242259 1.1319244029848008 1.1237608639406724
334 0.001 0.6245863194717384 -0.310738745066388 1.1750822230443547 -0.3111801389367699 0.6323061430306126 0.7138833631912864 1.129015384493464 1.1211972308261733
335 0.001 0.6246045067218675 -0.31078425369944607 1.1731671221581867 -0.31119580472768954 0.6323245550733086 0.7127199053202906 1.1271425403330435 1.1195430375936508
336 0.001 0.6238475032514045 -0.3108126012934695 1.1710701184045846 -0.31119278295409303 0.6315581951167312 0.7114459382200414 1.1264930828560376 1.1189687226126765
337 0.001 0.6238131560120754 -0.3108123021741046 1.1680134554875723 -0.3111933021001025 0.6315234233490078 0.7095889610991676 1.123614635441665 1.1164190841206514
338 0.001 0.6231409493587339 -0.3107915688206632 1.1665777411803377 -0.3112239951266882 0.6308429082896106 0.7087167391064163 1.1234440932813894 1.1162678063170757
339 0.001 0.6228692364938426 -0.3108423662161329 1.1649256271934234 -0.31125668377810595 0.6305678370812683 0.7077130504570397 1.1223424488836224 1.115290017356036
340 0.001 0.6225605793943635 -0.3108780929417613 1.1623385861432407 -0.31125032088273347 0.6302553650113457 0.7061413769780268 1.1204051820571412 1.1135680888501964
341 0.001 0.6218265073153754 -0.3108436256198576 1.1609114707220314 -0.31122468612237336 0.6295122198759159 0.7052743789615683 1.1203505773098195 1.1135195081395581
342 0.001 0.6217491647211643 -0.31084101502722133 1.1587119291177725 -0.31122242200659406 0.6294339213350849 0.7039381182922005 1.1183669872749877 1.111753051275834
343 0.001 0.6211989853310323 -0.31086556671461785 1.1573731695296403 -0.31125204262819994 0.628876941783494 0.7031247980167866 1.1180642050934892 1.111483122003167
344 0.001 0.6210058245750733 -0.31089653607036016 1.1545799132510668 -0.3113101055814267 0.6286813935801829 0.7014278451165571 1.1157127477912163 1.109384176005953
345 0.001 0.6202674066667512 -0.3109122726234099 1.153005680714119 -0.31131597089884766 0.6279338489014094 0.700471470834075 1.115517935622634 1.1092100744479245
346 0.001 0.6199156678909522 -0.3109737282427839 1.1500550381715335 -0.31133798053218464 0.6275777626700172 0.698678902977488 1.1132945501525937 1.1072207848588007
347 0.001 0.6194753414728614 -0.31098258677465385 1.1490385201912243 -0.3113642692577263 0.6271319938620598 0.6980613502136929 1.1131011605943266 1.1070475590127602
348 0.001 0.6192312086387353 -0.3110184656505001 1.1473407549118386 -0.3113496244539693 0.6268848435708654 0.6970299275916936 1.1118946880598792 1.105966162699782
349 0.001 0.618585355483541 -0.3110277978013367 1.1452601888710359 -0.31139013574353214 0.6262310077361798 0.6957659466945084 1.1110372020856918 1.1051968217101884
350 0.001 0.6184631306528312 -0.3110453838154318 1.1436273441580493 -0.3113754203364318 0.6261072722189592 0.6947739644719743 1.1096724080678002 1.103971031377565
351 0.001 0.6179282360848533 -0.311050471935741 1.1419511156134257 -0.31138721825531374 0.6255657664083737 0.6937556257996276 1.1090051007470556 1.1033711115335318
352 0.001 0.6176695995630168 -0.31105078034107375 1.1398184773351714 -0.31141887015897235 0.62530393316536 0.692460010091472 1.1073974964241151 1.1019242896571244
353 0.001 0.6171121494957121 -0.31106870543335974 1.1375813080965662 -0.31142523009638845 0.6247395930717639 0.6911008899645876 1.1062223326786986 1.1008652610226621
354 0.001 0.6165337632460728 -0.31111004961044564 1.1356279710190813 -0.3114286652772433 0.6241540580267428 0.6899142029268853 1.1053588357785298 1.1000863453659857
355 0.001 0.6164331702394934 -0.3110992005660797 1.133888301928058 -0.311474162204861 0.624052221700805 0.6888573229935627 1.1038456382963218 1.0987198265937563
356 0.001 0.6157590881791233 -0.31112518956856455 1.132184456620399 -0.31145694422408415 0.6233698080545387 0.6878222066461823 1.1033935197997344 1.0983111517901591
357 0.001 0.6154108077290986 -0.3111323699244942 1.130136641661234 -0.3115027267124739 0.6230172228934767 0.6865781226139563 1.1020210957014702 1.09706952600057
358 0.001 0.6152078604654323 -0.31117482328353463 1.1270269486751683 -0.3114639619892839 0.6228117672222158 0.6846889287823676 1.0993513045460404 1.094649527528718
359 0.001 0.6147365709975251 -0.31113113443857915 1.1260220431537387 -0.3114703361822353 0.6223346526642867 0.6840784307940064 1.0992131449942366 1.0945241270338073
360 0.001 0.6140841693834803 -0.3111158505195055 1.1238637286577915 -0.31147548961339067 0.6216741874324633 0.6827672163266482 1.0982717798635027 1.0936692575352611
361 0.001 0.6136427692461837 -0.31110228963457104 1.122174443315605 -0.3114331283867682 0.6212273316342394 0.6817409454174129 1.0974097736878103 1.09288578217745
362 0.001 0.613487635419635 -0.3111149494544744 1.1209646056826783 -0.31143641802731564 0.6210702803693293 0.6810059475241834 1.0965038403048564 1.0920616871284372
363 0.001 0.6127107377072013 -0.3111180927693594 1.1181293992794152 -0.3114445548103323 0.6202837802799682 0.6792835091766274 1.0951173168997412 1.0907990365336595
364 0.001 0.6124481194403446 -0.31110350489243277 1.116954123396228 -0.3114580538267698 0.6200179160779697 0.6785695081614528 1.0944353228594768 1.0901773588601884
365 0.001 0.6119420491638509 -0.3111306347406563 1.1145742563446597 -0.3114209686392778 0.6195055908241875 0.6771236965736304 1.093006595263794 1.0888736762456994
366 0.001 0.6114158371943887 -0.3111103319467087 1.1130753345073843 -0.3114540907350006 0.6189728749281549 0.676213074881488 1.0924761039972504 1.0883891613582526
367 0.001 0.6111172941412287 -0.3111079642937234 1.1113545185330664 -0.3114170050721972 0.6186706419131381 0.675167648552089 1.0913200058503554 1.087332407852354
368 0.001 0.6108375522171821 -0.3111191606898036 1.1096339153385681 -0.31142220842994217 0.6183874424072836 0.6741223514902172 1.0901294322309756 1.0862429195447219
369 0.001 0.6103919595513646 -0.3110949755518894 1.1071005329469907 -0.3113880822249393 0.6179363422613117 0.6725832766012588 1.0884345693926483 1.0846898157009213
370 0.001 0.6096937645215101 -0.311076261458503 1.106085561620131 -0.31138660879435187 0.6172295176117039 0.6719666634569598 1.0886819963780325 1.0849167049190018
371 0.001 0.6091310850032003 -0.3111290622373887 1.104344177238376 -0.3114474415079318 0.6166598834316186 0.6709087414539909 1.0879720887963162 1.0842655792846645
372 0.001 0.6088580183075739 -0.3111266376700834 1.10228405526722 -0.31144991957341667 0.6163834416593305 0.6696571806929551 1.086429542770016 1.0828492321435106
373 0.001 0.6084963788061593 -0.31112135551287845 1.1008181474422258 -0.3114061789433877 0.6160173323303583 0.6687666156008171 1.0856295440112234 1.082113857906457
374 0.001 0.6077752136731973 -0.3110902860564994 1.098940888395588 -0.311440814020646 0.6152872536694984 0.6676261473207992 1.0850641604212632 1.081593806114894
375 0.001 0.6072187902659157 -0.31109672064362526 1.0971119264641034 -0.3114168518810001 0.6147239529253391 0.6665150203977703 1.0842509344657365 1.080845288897359
376 0.001 0.6069638169907442 -0.31112922737324933 1.0952867256569156 -0.31144862322486805 0.6144658282063475 0.6654061784246879 1.0829018439756648 1.0796022570294805
377 0.001 0.6063798904693538 -0.311124646277675 1.0933357887268826 -0.311436425003622 0.6138746844123786 0.6642209495192776 1.0820139132388105 1.078783251847946
378 0.001 0.6056097469006408 -0.3111292536742481 1.0913403057637674 -0.31142504481218247 0.6130950219472695 0.6630086581059933 1.0814125614659071 1.0782281830840585
379 0.001 0.6051880846845171 -0.3111019507630251 1.0893649304151016 -0.3114184754433383 0.6126681480289223 0.6618085824263381 1.0802072615583338 1.0771146827919913
380 0.001 0.6043664970204107 -0.31109862559406926 1.0875364120608817 -0.3114340678730126 0.6118364056246186 0.6606977249843919 1.079860104613898 1.0767937270749497
381 0.001 0.6041427803701254 -0.31107353773778235 1.0858659929780725 -0.3113802787525516 0.6116099238592266 0.6596829156634872 1.0786007386880228 1.0756285103002843
382 0.001 0.6034874461801766 -0.31107150633794484 1.0837855336738824 -0.31133987950101627 0.6109464898051585 0.658418999610694 1.0777032204910044 1.0747972277509794
383 0.001 0.6029841596065768 -0.31102821512021805 1.0814281460253057 -0.31132337548813227 0.6104369826605558 0.65698684466025 1.076256621603772 1.0734558732387027
384 0.001 0.6021806066838187 -0.3110047635442314 1.079778455530961 -0.31132700261357743 0.6096234979051741 0.65598462832574 1.0760487917212425 1.0732630100260705
385 0.001 0.6018268069371416 -0.31099066371385314 1.0783965012578123 -0.31128595519176727 0.6092653252295129 0.6551450665104518 1.0753033848818752 1.0725709652192963
386 0.001 0.6012962974428987 -0.31098125648764824 1.0758508487454774 -0.31125654083100196 0.6087282586917291 0.6535985373047646 1.0737115091542984 1.0710913826044774
387 0.001 0.6005169165195828 -0.3109040586185436 1.074110819214736 -0.31118996785382297 0.6079392446992511 0.6525414383978986 1.0733662024413513 1.0707701344364193
388 0.001 0.599961417621798 -0.3108459486416853 1.0713862929193494 -0.3111629474523099 0.6073768798914322 0.6508862401856282 1.0716348641752271 1.0691578090463802
389 0.001 0.5992018629265441 -0.31082032071583293 1.068658172655551 -0.3111323783947429 0.6066079371771841 0.6492288585735867 1.0702610677907327 1.0678765290850118
390 0.001 0.5988189492190106 -0.3107866532683228 1.067211901869227 -0.31106920294064766 0.6062202906950632 0.648350223331917 1.0694960780487068 1.0671623191615163
391 0.001 0.5982548396054679 -0.3106900036083231 1.0657874810285402 -0.31101654320324534 0.6056492087439129 0.6474848623210808 1.069075717384215 1.066769637093361
392 0.001 0.597400053888524 -0.3106841856082143 1.0630839960243939 -0.3109700686796315 0.6047838579622059 0.6458424470677064 1.0678896907795221 1.065660843595511
393 0.001 0.5967700254961296 -0.3106462968512188 1.0615876626990048 -0.3109380116710913 0.6041460424827831 0.6449333979426023 1.067512410231474 1.0653078645597251
394 0.001 0.5961542706558883 -0.31058640821066397 1.0592088062440266 -0.31091996364433816 0.6035226769751706 0.6434882003101936 1.0662204169946496 1.064098115041345
395 0.001 0.5955785297904839 -0.3105765685361232 1.0573329487462055 -0.3109286751467174 0.6029398200110653 0.642348583496025 1.0653610230689963 1.0632925888878002
396 0.001 0.5950127580315023 -0.3105390391457642 1.0549325456161232 -0.3108387063150485 0.6023670553705271 0.6408902958750289 1.063953099959634 1.061971466271094
397 0.001 0.5943793294728281 -0.31050846446813557 1.0526988869681064 -0.31078189531824124 0.6017257976991144 0.6395333084944043 1.062831793052348 1.060917999483978
398 0.001 0.5935627292504855 -0.3104617113225608 1.0511687385671113 -0.31079068738289195 0.6008991043808487 0.6386037161090696 1.0627469927203017 1.0608382830679126
399 0.001 0.5931330244088878 -0.3104161456403181 1.0489986835509841 -0.31072312442630917 0.6004640884309925 0.6372853690667584 1.0613213701621682 1.0594971468785035
400 0.001 0.5924738387423447 -0.31038811408089656 1.0479520629959738 -0.31069701323748594 0.59979675529647 0.6366495284531032 1.0614421015639164 1.0596107952945204
401 0.001 0.5914791294172497 -0.3103413230358385 1.0456570644874044 -0.31070687937838165 0.598789751465007 0.6352552760155402 1.0608987118789461 1.0590991799140133
402 0.001 0.591148616249347 -0.31046525070263886 1.044059551464009 -0.31078186771037103 0.598455153187872 0.6342847584232233 1.05987015909963 1.058130031968422
403 0.001 0.5901983609649876 -0.31042209040782043 1.0421267828532987 -0.3107088027209423 0.5974931528445793 0.6331105670951392 1.0596114182748213 1.0578860825356593
404 0.001 0.589678008234354 -0.3103486341545692 1.040001087039141 -0.31065345593753513 0.5969663686069727 0.6318191690574759 1.0583831892101938 1.0567272308831823
405 0.001 0.588947068259762 -0.3103113533861219 1.0373431402765727 -0.3106007878158779 0.5962263942884316 0.6302044190962947 1.0569884613183123 1.0554096071902985
406 0.001 0.5880522134968057 -0.3102429239259233 1.035923896979815 -0.31054413871315145 0.5953204792113675 0.6293422035355392 1.0571485872101039 1.0555609716919947
407 0.001 0.5880038414498322 -0.31016385994536777 1.0337886821955558 -0.31045563042009744 0.5952715092907996 0.628045022554132 1.0550564116572256 1.0535814115319857
408 0.001 0.5865521149320595 -0.3100710581058248 1.0314329393105988 -0.31038516579903064 0.5938018395805112 0.6266138668268586 1.0552575372106077 1.0537718862090666
409 0.001 0.5862353885975135 -0.30998336220536615 1.0297811332685993 -0.31032382643823375 0.5934811985405948 0.6256103652594983 1.0541367895021967 1.0527100140349623
410 0.001 0.5855426823177952 -0.30997125969569367 1.0277458419206196 -0.3102526956511744 0.5927799304815181 0.6243738895439475 1.053297956691559 1.0519144886087912
411 0.001 0.5852385955356987 -0.3098918058969646 1.0256190160457337 -0.3102288183558452 0.5924720852176375 0.6230818049742802 1.0516644083668492 1.0503634104643602
412 0.001 0.5841490076330497 -0.309851839259518 1.0235991134161841 -0.3101849993322418 0.5913690301190252 0.6218546781790455 1.0515509715716502 1.0502556088403285
413 0.001 0.5836257262357678 -0.3098131459008705 1.0222133021025133 -0.3101498235109261 0.5908392810167477 0.6210127731429972 1.051068866095574 1.0497973197679988
414 0.001 0.5826906049557108 -0.30973195144267945 1.0199212795759687 -0.31010005329942575 0.5898926017325156 0.6196203286674772 1.0503951513337364 1.049156526049094
415 0.001 0.5821484762614195 -0.3097273880609711 1.0185042833195088 -0.31006701516000357 0.5893437723825492 0.6187594782236927 1.0499126438924165 1.048697337460821
416 0.001 0.5815994988955621 -0.3097101135369809 1.016954970624278 -0.3100414559625976 0.5887880097121307 0.617818243188547 1.049305069052968 1.0481188182252954
417 0.001 0.5809376490983882 -0.3096649351488084 1.0152784289894619 -0.3100013112848105 0.5881179795185931 0.6167997143083362 1.0487686753144678 1.0476077908668555
418 0.001 0.5801325788841271 -0.30962336587567313 1.0137819041051732 -0.30994898858113457 0.5873029587181394 0.6158905488077915 1.0486760532452415 1.047519521857187
419 0.001 0.5791796354244961 -0.309584085674535 1.0116633691230066 -0.3099339482372802 0.5863382369740014 0.6146035011030025 1.0482064145686176 1.0470718324342039
420 0.001 0.5788406078811851 -0.3095594489542751 1.0100477137564474 -0.3098782286784963 0.5859950190846416 0.6136219617143382 1.0471453540216973 1.0460596058106753
421 0.001 0.5784155997628084 -0.30952159343765845 1.0085211199670996 -0.3098862077363833 0.585564757909029 0.6126945288188399 1.0463309489571873 1.0452819706223937
422 0.001 0.5773428653879368 -0.30949322650067534 1.0067996216591273 -0.3098335057194139 0.584478764646088 0.6116486879596025 1.0464857321719232 1.0454298131095086
423 0.001 0.5768303761011593 -0.309463750648714 1.005336160580844 -0.3097960239651138 0.5839599410437061 0.6107596093096355 1.0458929909096686 1.0448635301196894
424 0.001 0.5764056402511133 -0.30945821858219386 1.0038010603326892 -0.3097642090969342 0.5835299555016331 0.6098270085890244 1.04506547237114 1.0440724005954576
425 0.001 0.5763783871595712 -0.30943780654855846 1.0028371701630403 -0.30978196722229395 0.5835023655646437 0.6092414281568115 1.044111325182479 1.0431594156727655
426 0.001 0.5755149743456967 -0.30942055954767655 1.001373300207901 -0.3097824272369953 0.5826282810559629 0.6083521011068779 1.0441513412364618 1.0431977225421634
427 0.001 0.5749109068282379 -0.30939309281176686 0.9996852187886968 -0.30969499109808296 0.582016747325257 0.6073265616022804 1.0434864020551613 1.0425609898959216
428 0.001 0.5747067586591609 -0.3093625639506337 0.9990676461603175 -0.309740632325503 0.5818100759055163 0.6069513752397294 1.0432122102648083 1.0422983085630715
429 0.001 0.5740143254171388 -0.3093685114456915 0.9970688492259003 -0.30972969421143176 0.5811090842588541 0.6057370705299012 1.0423810037360846 1.041501564750708
430 0.001 0.5732886590255153 -0.30934791741400886 0.9958888213635652 -0.3096706696103466 0.5803744487042322 0.6050201826028242 1.0424652290493097 1.0415823275180802
431 0.001 0.5727097672469755 -0.3092737606817508 0.9942721392456646 -0.3096255519035457 0.5797884018820247 0.6040380194444471 1.0418249442101752 1.040968197914101
432 0.001 0.5724332163936312 -0.30926362857868805 0.9929189640191592 -0.30962392366868374 0.5795084328881828 0.6032159414121695 1.0409096868631094 1.0400896591617317
433 0.001 0.5715956840334027 -0.3092217584085817 0.9926122377715426 -0.30957343621983713 0.57866054871293 0.6030295997579996 1.0421128606387142 1.0412444007874693
434 0.001 0.5713488455744987 -0.3092319347937884 0.991299947181283 -0.3095602008997526 0.5784106593557101 0.6022323598698566 1.041184753650082 1.0403537735390536
435 0.001 0.5710145405575495 -0.3092085866213744 0.9892173570956303 -0.3095459570576351 0.5780722223626589 0.6009671493294036 1.039605651475814 1.038836577499338
436 0.001 0.5702483027009418 -0.3092123118036064 0.9876031127921661 -0.3095425766856565 0.5772965138838606 0.5999864671866818 1.0393038113987052 1.0385463030854118
437 0.001 0.5701020226570135 -0.30920145209831446 0.9874228306133943 -0.30953638606476896 0.5771484258334261 0.5998769425546339 1.0393807133552984 1.0386202665322917
438 0.001 0.5690621687082599 -0.30918024954497986 0.9859795496051833 -0.30949517695076895 0.5760957193953349 0.5990001236563763 1.0397579837688808 1.0389830402285467
439 0.001 0.5685234081392875 -0.3091481261116278 0.9843137929484247 -0.30947822700182387 0.5755502998003748 0.5979881468422736 1.0389850323241623 1.038239645417823
440 0.001 0.5683203570653541 -0.3091607140629454 0.9836729251895704 -0.3095065430973923 0.5753447390357624 0.5975988082733806 1.0386795389402785 1.037945678270146
441 0.001 0.5677401959032679 -0.3091621667633955 0.9823580967543732 -0.30951035901050683 0.5747574071405567 0.5968000265992724 1.0383511707458957 1.0376296011171242
442 0.001 0.5668484201614169 -0.30913988254192093 0.9809424925533293 -0.30948915557989354 0.5738546091409864 0.5959400218539272 1.0384860770675013 1.0377594701287989
443 0.001 0.5670020001230522 -0.3091477392660049 0.9801338779100475 -0.3094462784226915 0.5740100873353704 0.5954487740673884 1.037348972091308 1.0366642854051358
444 0.001 0.56635342885053 -0.3091246371508077 0.9782439775532213 -0.3094769397658202 0.5733534997877022 0.5943006259664563 1.0365344001327457 1.0358789914183275
445 0.001 0.5659805520992398 -0.3090801350199881 0.977116116845527 -0.3094193657392304 0.5729760143175858 0.5936154305142315 1.0360214314053393 1.0353841377597641
446 0.001 0.5653485529162185 -0.30909168480480487 0.9766787619101468 -0.3094420974289118 0.5723362036887641 0.593349729607474 1.0367153532893352 1.0360534948882663
447 0.001 0.5648939161270432 -0.30909048752926693 0.9737511459449156 -0.3094549492900135 0.571875947634987 0.5915711508064287 1.034439642465979 1.0338566372254072
448 0.001 0.5642008415114915 -0.3090588340737445 0.9730485459856076 -0.30942261248342356 0.5711743066874834 0.5911443088271251 1.0349630610232758 1.0343623544750682
449 0.001 0.5635351170853146 -0.3090461002222878 0.9706653849041882 -0.30939821973495296 0.5705003539749212 0.5896964960575449 1.0336479056478687 1.0330911811768608
450 0.001 0.562658409874173 -0.3090263636927161 0.9702643312879069 -0.3093580023742844 0.5696128107515716 0.5894528488481869 1.0348307441864546 1.0342345369863972
451 0.001 0.5621388905100744 -0.30897196488949435 0.9679475894972648 -0.3093374720964337 0.5690868701808258 0.5880453869798041 1.0333139240990648 1.0327681069845873
452 0.001 0.5616109113342019 -0.3089399906439127 0.9673273052889149 -0.30927032315595626 0.5685523652358908 0.5876685532841636 1.033622563579243 1.0330666704642244
453 0.001 0.5610652410043239 -0.3089083324349213 0.966781540121897 -0.30925907135104796 0.5679999504760811 0.5873369912323321 1.0340440888067741 1.0334742879902326
454 0.001 0.5602373229441335 -0.3088597298096361 0.964907518940355 -0.3092337682478298 0.5671617994326399 0.5861984900129834 1.0335648321156095 1.0330108306217023
455 0.001 0.56011605207737 -0.30884707426157415 0.9639887225998564 -0.30923198403358604 0.5670390296702633 0.5856403048845047 1.0328042237675563 1.0322748480980208
456 0.001 0.5596379477288302 -0.3088713123301885 0.9615175056471247 -0.30921707587122926 0.5665550160004682 0.5841389966059906 1.0310366691829056 1.0305623917616336
457 0.001 0.5589273062689316 -0.3088630143653471 0.9613373180999966 -0.30923771233851627 0.5658355910842032 0.5840295294643502 1.032154107424182 1.0316453435364095
458 0.001 0.5586169595073684 -0.30885276231211195 0.9608767733122348 -0.3092329633819502 0.5655214084681447 0.583749740309566 1.0322327883055695 1.0317215512819715
459 0.001 0.5582784182885104 -0.30885669121491405 0.9593850493670883 -0.3092076145360085 0.5651786829141587 0.5828434914649914 1.0312552633084988 1.0307743333623076
460 0.001 0.5572553849424368 -0.30880075715393085 0.9582280935384487 -0.30919245684861824 0.5641430049796906 0.5821406202089926 1.0319025762447411 1.031401679015243
461 0.001 0.5567422409456976 -0.3087861703069117 0.9565713971164421 -0.30914836237166515 0.5636235185751982 0.5811341476487448 1.031067953157477 1.0305927264611496
462 0.001 0.5567558181865276 -0.3087775510256732 0.9566445528263166 -0.30915438478507606 0.5636372636293479 0.5811785910444304 1.0311216602361086 1.0306448016831162
463 0.001 0.5559871480793751 -0.3088262225348386 0.9552423138269969 -0.3092064670637737 0.5628590928376347 0.5803267058969903 1.0310337227942667 1.030559534729508
464 0.001 0.5552782617869081 -0.3088591739643636 0.9549698345974292 -0.3092199768555343 0.5621414447824928 0.5801611699157723 1.0320555000890421 1.0315498273424495
465 0.001 0.5553147303344816 -0.3089121835136862 0.95432913007792 -0.30929992963724956 0.5621783640776156 0.5797719305176865 1.0312953460401082 1.0308131912979732
466 0.001 0.5547084745979517 -0.30891678732643413 0.9529077315503428 -0.30926113520997317 0.5615646150816727 0.5789084056158519 1.0308847638693488 1.030415082548067
467 0.001 0.5539846941974466 -0.3088325482539808 0.9516533427695251 -0.30914703613056405 0.5608318888288281 0.5781463421074111 1.030872804531034 1.0304034841198864
468 0.001 0.5540542883158577 -0.30879572187623755 0.9502378513761759 -0.30910525366719904 0.560902343123484 0.577286405894748 1.029210187784252 1.0287897113469036
469 0.001 0.553656494654639 -0.30879354818430527 0.95026577138004 -0.3091681421730456 0.5604996327729596 0.577303367793982 1.0299799215530068 1.029537160673068
470 0.001 0.5530872098666231 -0.30883422188119797 0.9497825323549891 -0.30923518899498054 0.5599233116827045 0.5770097914861599 1.0305157500088833 1.0300571418948608
471 0.001 0.5522796450929343 -0.3088326690807272 0.9477705275094026 -0.30920145494817664 0.5591057654903216 0.575787462735238 1.0298363892389606 1.029397826738289
472 0.001 0.5519786760986122 -0.308801030672184 0.9465736187993545 -0.30915713565447 0.5588010765497561 0.5750603193927505 1.0290966562616253 1.0286794186682389
473 0.001 0.5517663323142669 -0.30880070030977136 0.9457266435442773 -0.3091595883924391 0.5585861082177735 0.5745457668518501 1.028571528004872 1.0281691107367286
474 0.001 0.5508445383781673 -0.3087821761095284 0.9453874955135382 -0.3091676159011353 0.5576529210021184 0.5743397283874297 1.0299232851776776 1.0294821832885754
475 0.001 0.5504424499698763 -0.3087730603602325 0.9433685387050611 -0.3091443050220996 0.5572458628218836 0.5731131761953291 1.0284745288068962 1.02807482016907
476 0.001 0.5502517859204633 -0.3087609304449226 0.9420022036116571 -0.30911750858574805 0.5570528421841582 0.5722831033097071 1.0273407834449464 1.0269720647541927
477 0.001 0.5495846747523536 -0.3087171770078546 0.9417256567607045 -0.3090503596638382 0.5563774855896737 0.5721150961761071 1.0282858508729087 1.0278913850932159
478 0.001 0.5489845921025334 -0.3087039315599603 0.9405431858890291 -0.3090739629759692 0.555769985979166 0.5713967240773782 1.0281172760178487 1.0277274656158506
479 0.001 0.5485606622126364 -0.30869269734023125 0.9404305043380036 -0.30906325382873684 0.5553408163588279 0.5713282680297603 1.0287885406582509 1.028380030822641
480 0.001 0.5483662753774478 -0.30870002713879946 0.9386378180210151 -0.30906750230795127 0.5551440269220723 0.5702391791881274 1.0271914161623035 1.0268266883388641
481 0.001 0.547960114361808 -0.30873404741190796 0.9377059876856353 -0.3090983322762178 0.554732845797475 0.5696730756757952 1.0269322972156847 1.026574441832794
482 0.001 0.5470195347281748 -0.30872636759246624 0.9370282785971265 -0.3091059035993181 0.5537806406949699 0.5692613553434795 1.0279545970207302 1.0275692533371292
483 0.001 0.547090085021889 -0.3087786562228506 0.9357262909397225 -0.30914220039298534 0.5538520629831588 0.5684703746704054 1.0263938922760518 1.0260501103725754
484 0.001 0.5469825795614279 -0.3087638495762801 0.9348754114222728 -0.3090986841285946 0.5537432287661104 0.5679534502206305 1.0256621132617447 1.0253370126179862
485 0.001 0.546569906760395 -0.30870975521725263 0.9340992089637274 -0.3090890492243298 0.5533254553711127 0.5674818934131518 1.0255842884230664 1.0252611442232147
486 0.001 0.5457404220291214 -0.3087557169931241 0.9332005688542218 -0.3091277552391215 0.5524857182926926 0.5669359535537176 1.0261549480512901 1.0258173226844722
487 0.001 0.5457970116390412 -0.30875646017052694 0.9321650608748775 -0.3091236075083917 0.5525430073444513 0.5663068640275476 1.0249100187680342 1.0246035809365885
488 0.001 0.5452169277769483 -0.30871688754919374 0.9307502912136758 -0.3090956110851807 0.551955753704659 0.5654473662800087 1.024443286413441 1.0241481562634887
489 0.001 0.5450889099971995 -0.3087595679667339 0.9302722721923367 -0.3091307699224169 0.5518261536381369 0.5651569612173409 1.0241576219092106 1.0238693090377267
490 0.001 0.54446624865907 -0.30872634597878756 0.9296238360710781 -0.309049134536283 0.5511957962690227 0.5647630247335947 1.0246141725978444 1.024314926696637
491 0.001 0.544072168262761 -0.30871224704389594 0.9284661141503242 -0.3090299998053241 0.5507968450789855 0.5640596880630026 1.0240793735521763 1.0237929143163174
492 0.001 0.5438665873520568 -0.3087296504796362 0.9275176661945171 -0.30908004337246897 0.5505887232090766 0.5634834890505204 1.0234199599408562 1.023148886938469
493 0.001 0.5431227523963559 -0.3086981218758554 0.9271700396954324 -0.30908398064690934 0.5498356945287679 0.5632722997656906 1.0244374917282124 1.0241425006482672
494 0.001 0.5431881798299446 -0.30870388077909505 0.926248681758739 -0.30902289439495734 0.5499019306387998 0.5627125584219353 1.023296204412765 1.023027972238525
495 0.001 0.5421695062045566 -0.3086832751700382 0.9242288735999661 -0.30903916414460025 0.5488706663107228 0.5614854890193787 1.0229832335428808 1.0227221196516096
496 0.001 0.5416823499214762 -0.30867398756976816 0.9239925564409309 -0.30906021470678585 0.5483774888253942 0.5613419221395779 1.023641439662217 1.0233652456397249
497 0.001 0.5410716763272448 -0.3087292311710981 0.9222475308184217 -0.3090634860888417 0.5477592673674768 0.5602817880180486 1.0228613578931396 1.0226029903670217
498 0.001 0.5408040284778854 -0.3087535312980096 0.922848232107959 -0.3090726437900258 0.5474883114178459 0.5606467247419973 1.0240341447474461 1.023748754248852
499 0.001 0.540619131207102 -0.30877016280113023 0.9213200935985463 -0.30909216767625664 0.5473011288355493 0.5597183534015686 1.0226881033343354 1.0224336152439268
500 0.001 0.5401637964818702 -0.3087600637459705 0.921018254770973 -0.3090982639159536 0.5468401662192967 0.5595349809420556 1.0232148541877006 1.0229484813633607
501 0.001 0.5398682545670811 -0.30874927485725434 0.9193685626216598 -0.30903094374723095 0.5465409714364167 0.5585327636021227 1.0219412501393796 1.0217031529851495
502 0.001 0.5392070441199158 -0.3086909436624217 0.9186970969077161 -0.30904466724725477 0.5458715884951889 0.5581248362309673 1.0224471249173401 1.0221979844523823
503 0.001 0.5386442653012797 -0.30870248685547835 0.9179076087292601 -0.30903865809930814 0.5453018537874353 0.5576452081121999 1.022635819480592 1.0223824964065007
504 0.001 0.5382337343894441 -0.30867354103592687 0.9169353968192271 -0.3090446466630756 0.5448862487551682 0.5570545720746033 1.0223318598097024 1.0220852573739345
505 0.001 0.5377677854762085 -0.30866902883800035 0.9155584784681061 -0.30901986278309196 0.5444145407606248 0.5562180696715703 1.0216811419005347 1.0214486265427125
506 0.001 0.5375842215704859 -0.3086948105752823 0.914445191633786 -0.30901125572753846 0.5442287080236458 0.5555417281067886 1.0207872534402418 1.0205734209821968
507 0.001 0.5370092679328031 -0.3086533189832223 0.9142208394227491 -0.3090146516017163 0.5436466480173169 0.5554054301458344 1.0216294576107512 1.0213980435725485
508 0.001 0.5363985026182114 -0.3086663286071902 0.9120198878267245 -0.3090154522641566 0.5430283337053848 0.5540683128813756 1.0203303925241964 1.0201258097184744
509 0.001 0.5360658633844395 -0.3086850837613891 0.9124347605459155 -0.3090533800083581 0.542691583084422 0.5543203554416869 1.0214279578304348 1.0212008127694376
510 0.001 0.5355705812711372 -0.3087241318058274 0.9112382633243659 -0.30904333439065956 0.5421901793344341 0.5535934620857854 1.021031887308157 1.0208130187754432
511 0.001 0.534817646565243 -0.30869248396988985 0.9104542486616096 -0.3090308387150916 0.5414279384319429 0.5531171592252164 1.021589615096567 1.0213590482809596
512 0.001 0.534765310679005 -0.308696804325388 0.9097160998845798 -0.3090372490860072 0.5413749556794593 0.5526687207064919 1.0208612624366014 1.020645912536765
513 0.001 0.5341737998620789 -0.30864379235756617 0.9092537602739315 -0.30893077864782664 0.540776133848831 0.552387841164862 1.0214722998838497 1.021244218765781
514 0.001 0.5338251537397739 -0.308601246294654 0.9081971096631266 -0.3088928577990403 0.5404231784958163 0.5517459071138087 1.0209515969494636 1.0207343876826036
515 0.001 0.5333616048102842 -0.30855488346121024 0.906646037369567 -0.3088848915579882 0.5399539001485744 0.550803603091363 1.0200937578926705 1.0198938864239966
516 0.001 0.5331359213289313 -0.3085544260991367 0.9056661028339437 -0.3089067524740486 0.5397254272422823 0.5502082754212825 1.019422557563319 1.0192357537956342
517 0.001 0.5327155058631273 -0.3085757128342524 0.9054126900875811 -0.3089126074049873 0.5392998154839624 0.5500543226679336 1.0199416110949717 1.0197447401305444
518 0.001 0.5320270286369166 -0.30855787793983924 0.9043685278008295 -0.30892474012536114 0.5386028287490658 0.549419975495995 1.0200837169237535 1.019884044166583
519 0.001 0.5316193289524584 -0.30853181576955324 0.9037712104834088 -0.3088856157202526 0.5381900899378594 0.5490570945953308 1.0201917591212541 1.0199899430636596
520 0.001 0.5310883013023421 -0.30855288259536956 0.9025622497128294 -0.3088724142103 0.5376524988398481 0.5483226294115826 1.0198457750959191 1.0196507825900485
521 0.001 0.5307244678841112 -0.30854272609348304 0.9020583827105959 -0.3088779231271773 0.5372841684774703 0.5480165212405104 1.019975188908791 1.0197776576845794
522 0.001 0.5303739149417627 -0.3085428860649362 0.90089035287445 -0.3089007367970065 0.5369292827363098 0.5473069223278697 1.0193277586550564 1.0191427652813818
523 0.001 0.5299779478288955 -0.30856162413486304 0.9000113355832132 -0.3088981053045046 0.5365284215100893 0.5467729036797571 1.0190940158227482 1.0189134489757454
524 0.001 0.5295801534633481 -0.30858763355324154 0.9001739975057594 -0.3089310235770504 0.5361257104465308 0.546871723692564 1.020043831207205 1.0198449468249673
525 0.001 0.5292039763621208 -0.30859756350869433 0.8993067887192147 -0.3089536549506987 0.5357448838344867 0.5463448789212052 1.0197855274153085 1.0195917112453299
526 0.001 0.5290171587852716 -0.30861580149837725 0.8982642415113853 -0.3089814834476869 0.535555757211336 0.5457115129384549 1.018963022225735 1.0187849128656452
527 0.001 0.5285335086325257 -0.30863131161109925 0.8977099054594945 -0.30899655228542316 0.5350661291917572 0.5453747439215287 1.019266057347609 1.019082237605594
528 0.001 0.5280757480099283 -0.30863478263241445 0.8968965651974494 -0.3089546077044815 0.5346027106942938 0.5448806252374904 1.019225331891506 1.019042284769176
529 0.001 0.5275184932825917 -0.30862026551288285 0.895876084620849 -0.30895355962308396 0.5340385683550478 0.5442606651259269 1.0191411208414503 1.0189596662104266
530 0.001 0.5270766165446727 -0.30861714915994026 0.8951400141070283 -0.30893775855208877 0.5335912300654664 0.5438134891890882 1.0191574721390524 1.0189757088324145
531 0.001 0.527076781779922 -0.30861546271807105 0.8943520760155147 -0.3089367603190316 0.5335913973430065 0.5433348027757248 1.0182600496957692 1.018094843326579
532 0.001 0.5264066826110563 -0.30864775939221006 0.8930249971795792 -0.3089772639457317 0.5329130158163796 0.5425285787651503 1.018043400448834 1.0178820737401593
533 0.001 0.5260264097964098 -0.3086547674825376 0.8928185057903485 -0.30898727274576493 0.532528042868314 0.5424031315713087 1.018543790951938 1.018373434388751
534 0.001 0.5253517917563792 -0.3086688977682718 0.8913374026857537 -0.3089883827849909 0.531845086617733 0.541503335076386 1.0181598903546796 1.017996483273174
535 0.001 0.5252969287470218 -0.30864066892832775 0.8911064440105648 -0.30894370000074706 0.5317895455071445 0.5413630235708857 1.0180023811009886 1.0178417838051974
536 0.001 0.5245584267800335 -0.30860124184878834 0.8909646659354687 -0.3089245785300939 0.5310419157307481 0.5412768908670702 1.0192733847049307 1.0190894257814893
537 0.001 0.5244805601388712 -0.3085690226425062 0.8895240078088985 -0.3088880557499697 0.5309630866657988 0.5404016654160883 1.0177763369758137 1.0176197298482115
538 0.001 0.5239773826661251 -0.30858579009860143 0.8882564987240223 -0.3088822103962551 0.5304536899705253 0.5396316310894327 1.0173020591475521 1.0171536623076303
539 0.001 0.5232509543390318 -0.308552735339002 0.8872902167441173 -0.3088665479484945 0.5297182830629884 0.5390445975899227 1.0176061782746233 1.0174525419917968
540 0.001 0.522926635623184 -0.30850860776932276 0.8862534094228033 -0.3088608702642062 0.5293899558007072 0.5384147186903819 1.0170474766111206 1.016903396483024
541 0.001 0.5224628496142936 -0.3085291427021678 0.8862272326194841 -0.3088253983931691 0.5289204374437874 0.5383988158165025 1.0179202346926186 1.0177610932132293
542 0.001 0.5219832788130694 -0.30850554326927976 0.8850937727243595 -0.3088637770174442 0.5284349391961013 0.5377102187582663 1.0175523586238928 1.0173996561218017
543 0.001 0.521722793274024 -0.3085088556717833 0.8848981145716308 -0.3088573865336393 0.5281712340822137 0.5375913529483966 1.0178353500878403 1.0176777060497664
544 0.001 0.5210383842264565 -0.30849349077765964 0.8833965579641121 -0.30880129292534814 0.5274783658082356 0.5366791305864409 1.0174429234914826 1.0172921110068334
545 0.001 0.5205981519481286 -0.30847947236761325 0.8830414535404694 -0.30880587249400826 0.527032692303599 0.536463398329359 1.0178939678002508 1.0177352904422003
546 0.001 0.5204056517887341 -0.3084814954254694 0.8819350434165499 -0.308859516231463 0.5268378128617589 0.5357912344885291 1.0169946450467091 1.0168514528171348
547 0.001 0.5202577954710342 -0.30849780866875265 0.8810325212846248 -0.3088138294005497 0.5266881290549689 0.5352429362313875 1.0162426428554 1.01611179379918
548 0.001 0.5194204230234941 -0.30851503014291304 0.880923016269374 -0.30887672262941823 0.5258404067689092 0.5351764099857849 1.0177544424062843 1.0175982191223538
549 0.001 0.5193954619413071 -0.3085412343106653 0.8798945114441538 -0.3088300584253894 0.5258151371702782 0.5345515750003789 1.0166150367543936 1.0164781442680646
550 0.001 0.5186088235939614 -0.30852576556941663 0.8790296135121833 -0.3088308066909096 0.5250187760527454 0.5340261341142998 1.017156258923299 1.0170103420073728
551 0.001 0.5186020814200956 -0.30853408236588614 0.8783259098452648 -0.30887672951824335 0.5250119505462945 0.5335986216129802 1.016355191644211 1.016222530347815
552 0.001 0.5181511384115645 -0.3085394052949531 0.8768865336799133 -0.30888957059268557 0.5245554339279156 0.5327241749762535 1.0155726935991676 1.0154523760404393
553 0.001 0.5177437925176711 -0.30853865405212855 0.8768607687637237 -0.30888365737313495 0.5241430532800895 0.5327085223311355 1.016341853616953 1.01620940773276
554 0.001 0.5171961690787593 -0.30857919688917723 0.8756454615141758 -0.30889252015944135 0.5235886612710164 0.531970201548467 1.0160078720136991 1.015880763399708
555 0.001 0.5168041619537684 -0.308573256281647 0.8751191828151555 -0.30889919622615114 0.5231918089777208 0.5316504778727406 1.0161674337210045 1.016037788777459
556 0.001 0.5164523128847773 -0.30858163029237196 0.8736443554297482 -0.3089025894272599 0.5228356110899238 0.530754493988912 1.0151460281798328 1.0150321891992249
557 0.001 0.5159460022166588 -0.308607233473703 0.8736593282661127 -0.3089000343995887 0.5223230424733007 0.5307635902534719 1.0161596312891032 1.0160301109478826
558 0.001 0.5155874249101169 -0.3085750434960844 0.873651260878877 -0.30890877861772553 0.5219600331876194 0.5307586891721525 1.016856953454462 1.0167160625106202
559 0.001 0.5152564076459589 -0.308619748504195 0.8728522629288075 -0.30894180865925874 0.5216249245836505 0.5302732836978864 1.0165796508307934 1.0164433384259957
560 0.001 0.5149002899643853 -0.30863406124757603 0.8722119493350841 -0.3089364110259848 0.5212644053236525 0.5298842817941727 1.0165364762728584 1.0164008699742666
561 0.001 0.5149791592787276 -0.30861686949760747 0.871600661905568 -0.3089120868782223 0.5213442494547206 0.5295129138017874 1.015668465424929 1.0155466692005086
562 0.001 0.5142941413636308 -0.3085487483914593 0.8705107168933484 -0.30886810315083774 0.5206507647876724 0.5288507528093414 1.0157494976983525 1.015626443381319
563 0.001 0.5136797139143093 -0.3085806030774391 0.8699676161097232 -0.30887340420460674 0.5200287430773967 0.5285208094178383 1.0163299941656836 1.0161977396685413
564 0.001 0.5131450474808688 -0.30857801476929375 0.8691467441696474 -0.30889311041475936 0.5194874682210683 0.5280221151053566 1.01642897549293 1.0162951194340124
565 0.001 0.513024507500582 -0.3085976849468589 0.868201409820686 -0.3089337012956085 0.5193654383788512 0.5274478076644454 1.0155620083439179 1.0154418552041515
566 0.001 0.5127003903439996 -0.3086150157147215 0.8673522924540281 -0.308903263484665 0.5190373151670876 0.526931953752637 1.0152101561002564 1.0150953547491943
567 0.001 0.5119993400974802 -0.30856496371346614 0.8670517614395481 -0.3088926777249015 0.5183276000106265 0.526749375812853 1.0162479786954308 1.016117044001645
568 0.001 0.5118910637536095 -0.30861854717428144 0.8669325043636612 -0.30893124337127265 0.5182179853821277 0.5266769250168586 1.0163231301756024 1.0161909863863743
569 0.001 0.511727683419921 -0.3085881456122927 0.8665593930500562 -0.3089455967672818 0.518052585684086 0.5264502532536598 1.0162100678611319 1.0160797410146136
570 0.001 0.5113527508158381 -0.3086298843230781 0.8661166439336287 -0.30895177509828586 0.5176730189510448 0.5261812752859168 1.016435580034888 1.0163016167713166
571 0.001 0.5109441535808785 -0.308646646429857 0.8644872221580785 -0.30895480228954675 0.5172593714957039 0.5251913725587926 1.015334668640517 1.015217987244631
572 0.001 0.5107009620854132 -0.3086338551720236 0.8634760402476576 -0.3089170822001477 0.5170131741780206 0.5245770615524195 1.014629970283493 1.0145237294185931
573 0.001 0.5104197863529576 -0.3086720756021879 0.8632016002156117 -0.3089723153353505 0.5167285231420307 0.5244103343487999 1.0148662418711842 1.01475655461613
574 0.001 0.5098385985087979 -0.30863032534357426 0.8626991370782197 -0.3089767089650346 0.5161401518750652 0.5241050790506032 1.0154317139377793 1.0153135567244087
575 0.001 0.5096713059839847 -0.3086417637281807 0.8618631336128928 -0.30889762982621705 0.5159707916316133 0.5235971920672389 1.0147806824714034 1.014672249540603
576 0.001 0.509298377311323 -0.30863363108609926 0.8600715811236268 -0.3089308328659601 0.5155932535983825 0.5225087920461259 1.0134127791616339 1.0133234270691565
577 0.001 0.5084967121999256 -0.308605670307409 0.8608300774428234 -0.30889175198946073 0.5147816799875186 0.5229695920588376 1.0159056011307892 1.015780105102012
578 0.001 0.5082970569762828 -0.3086172980137914 0.8599243713560486 -0.3089113585939549 0.5145795570455619 0.5224193594924608 1.015235355426692 1.015120174808035
579 0.001 0.5078362248324767 -0.3086058419589175 0.8583969343526039 -0.30890154168579725 0.5141130290631991 0.5214914143293922 1.014351679201046 1.0142494275942304
580 0.001 0.5072202674577745 -0.3086069924837017 0.8591206426352522 -0.30895780109878823 0.5134894585178201 0.5219310799907855 1.016439717180041 1.0163056867408182
581 0.001 0.5070980776634536 -0.3086131773442804 0.8580612220396433 -0.30892928401704733 0.5133657584700347 0.521287463124667 1.0154309174773188 1.0153127724135873
582 0.001 0.5070800675042529 -0.3086537793299577 0.8575024564997586 -0.3089374774900071 0.5133475257070931 0.5209480031149539 1.0148057154797656 1.0146969162991877
583 0.001 0.5066725046582315 -0.308661539515528 0.8563916228699909 -0.30896371466446676 0.5129349254256327 0.520273151915597 1.0143063498432574 1.0142047408472605
584 0.001 0.5061153619673684 -0.30866373210115067 0.8559141958691672 -0.3089284095638072 0.5123708965076197 0.5199831065159283 1.0148568352734206 1.0147472862719842
585 0.001 0.5058066541000031 -0.30866178990729426 0.8544349934468418 -0.3089285572872714 0.512058373042325 0.5190844647193105 1.0137212709465933 1.0136277757448957
586 0.001 0.5054396588111837 -0.30864952571764415 0.8534586079935668 -0.3089184745696284 0.511686841728959 0.5184912931799187 1.0132980778398912 1.013210242423873
587 0.001 0.5050651057380352 -0.30866298583673674 0.8533996885021592 -0.30895867603694177 0.5113076592178161 0.5184554985403108 1.0139795271860963 1.0138824918499825
588 0.001 0.5047764115896598 -0.3086706924231321 0.8531852231967724 -0.3089313588821333 0.5110153968390481 0.5183252070504942 1.0143044813456932 1.0142028987952574
589 0.001 0.5044145569733159 -0.30866361939122416 0.8526478314783191 -0.3089093278653628 0.5106490697363479 0.5179987320176862 1.0143927850199217 1.0142899489384136
590 0.001 0.5039940798992886 -0.3086648658028417 0.851352339080474 -0.30894639779590866 0.5102233956083332 0.5172116973303889 1.013696552886846 1.0136033930903945
591 0.001 0.5034519755296883 -0.30867309263969 0.8503168009799038 -0.30893466512677353 0.5096745908837087 0.5165825895050381 1.0135537433980215 1.013462509697058
592 0.001 0.503015308360743 -0.3086671242782348 0.8498616240326037 -0.3089868124031771 0.5092325265528449 0.5163060614088646 1.0138905794252828 1.0137947707459327
593 0.001 0.5027740257739601 -0.30870289618131347 0.8494188689523033 -0.30899893684535645 0.5089882617377619 0.5160370798179629 1.013848684950288 1.013753451342974
594 0.001 0.5023743407590551 -0.3087264175079871 0.8492182635273191 -0.3090018846944964 0.5085836366566114 0.5159152084521522 1.014415665914338 1.014312503777908
595 0.001 0.5020536349684364 -0.30870031116998453 0.8470361674936342 -0.3089697116318288 0.5082589669749488 0.5145895462773833 1.0124554207869914 1.0123783321193973
596 0.001 0.5019357985173433 -0.3087153305556808 0.8477740088412925 -0.3089910584812114 0.508139674077272 0.5150377980272934 1.0135752516521126 1.0134837291439436
597 0.001 0.5013519155274951 -0.30874869725550885 0.8471612797776003 -0.30904828550510044 0.5075485743528907 0.5146655542164897 1.0140222635295015 1.01392463607123
598 0.001 0.5012618113991678 -0.308796566673842 0.8474245016092268 -0.3090933476470108 0.5074573565466762 0.5148254661637065 1.0145196626316966 1.0144150120756117
599 0.001 0.500673905091645 -0.30882100829832027 0.8469907707957628 -0.30910358861970294 0.5068621837768219 0.5145619669755108 1.0151910784531506 1.0150765638212442
600 0.001 0.5004050941581945 -0.3088493646930594 0.84591996317138 -0.3090937599540185 0.5065900503674985 0.5139114322867596 1.0144522813149408 1.014348596339554
601 0.001 0.5005228211866247 -0.3088570388379074 0.8445846552928019 -0.30914433469367364 0.5067092324900595 0.5131002089863292 1.0126127097879456 1.01253366802923
602 0.001 0.5001254971578571 -0.30886088459506034 0.8447018198266821 -0.30915213445176315 0.5063069975765957 0.5131713885258141 1.0135577643249538 1.0134664766664878
603 0.001 0.5000176881826512 -0.3089681503944512 0.8448821294270075 -0.3092613996826953 0.506197856093391 0.5132809298169438 1.013992697990104 1.013895480360051
604 0.001 0.4998961658066652 -0.3090490198045727 0.8459568814440549 -0.3093863548042434 0.5060748317131634 0.5139338607944364 1.015529381405253 1.0154097296209355
605 0.001 0.5000051689320814 -0.3091760723982733 0.8463898145869856 -0.3094759906978112 0.5061851821061538 0.5141968753835872 1.0158275934591723 1.0157033205721846
606 0.001 0.500058203463872 -0.3092536323383549 0.845548314326159 -0.3095479686498799 0.5062388721393782 0.5136856489991313 1.014710006025975 1.014602603830802
607 0.001 0.5000622883116637 -0.30938674528776405 0.8463280856898219 -0.3096812394069372 0.5062430074754743 0.5141593739799839 1.0156374831604822 1.0155161662661312
608 0.001 0.5001495664326896 -0.3095118146132327 0.8457736267080337 -0.3097595811737053 0.5063313643452239 0.5138225302809574 1.0147949869655437 1.014686344825412
609 0.001 0.5003006850467855 -0.3096370888921981 0.8465720678137358 -0.3098363517309504 0.5064843507700625 0.5143075974623603 1.0154461765312262 1.0153277985897995
610 0.001 0.500480543187827 -0.3096575146609408 0.8472775806161225 -0.3099183803672596 0.5066664319394848 0.5147362090456736 1.015927199035662 1.0158013633064535
611 0.001 0.5002697737423469 -0.3097363947514016 0.8466442107369351 -0.3100020492424696 0.5064530574050363 0.5143514255721163 1.015595459542785 1.0154747913019437
612 0.001 0.5004411611745433 -0.3098149588599093 0.8471972363235122 -0.3100707716129706 0.5066265631685113 0.5146873984580423 1.0159108027007457 1.0157852249012502
613 0.001 0.5000367045698981 -0.30992022486547655 0.8471495735117093 -0.310142181827679 0.5062171075212555 0.514658442451627 1.0166753252803038 1.0165374416707222
614 0.001 0.5003307112121691 -0.31001694062372254 0.8470966738750535 -0.3102419373021648 0.5065147480558048 0.5146263049809149 1.016014453589447 1.015887240848828
615 0.001 0.49971478499366134 -0.31006398053128065 0.8474819903122753 -0.3102584298025645 0.5058912090517077 0.5148603915739229 1.0177294690275958 1.0175736829934294
616 0.001 0.4999223700931814 -0.3101405350702395 0.846010953395797 -0.3103745919608875 0.5061013598820031 0.5139667104674269 1.0155410579952948 1.0154212269044545
617 0.001 0.4998095265231098 -0.31019393178711446 0.8464027820936243 -0.31036599303361 0.5059871215768508 0.5142047533746501 1.0162407923984114 1.0161099730346117
618 0.001 0.49959984183256784 -0.31028017770525956 0.8479427182705894 -0.31052865087636383 0.5057748452048013 0.5151402920080775 1.0185170276696618 1.0183471602328165
619 0.001 0.4993598743087238 -0.3103646728732529 0.8471688971934178 -0.3105923391236653 0.5055319117067018 0.5146701819321644 1.0180765447518663 1.0179146274692854
620 0.001 0.49918296388383393 -0.310454833596175 0.847003966917656 -0.3106192419460228 0.5053528146869037 0.5145699838544097 1.0182390775308465 1.0180742487189978
621 0.001 0.49924735886454513 -0.3104903626299022 0.8468657174620455 -0.31064283587182884 0.5054180055830451 0.5144859948497297 1.0179415635503999 1.0177820447078094
622 0.001 0.49887106652296964 -0.31051643520788214 0.8452899777176792 -0.3106464546120882 0.5050370623062939 0.5135287049119175 1.0168138998885465 1.0166737247194455
623 0.001 0.4985017008684616 -0.31050551605345206 0.8454625714988551 -0.31065487912970935 0.5046631313297597 0.5136335587055971 1.017775079689695 1.0176184946167819
624 0.001 0.4982005517002501 -0.31049779912868697 0.8442366272619383 -0.3106085457601069 0.5043582599883737 0.5128887757637977 1.0169136037855722 1.016771768263972
625 0.001 0.4976579901002122 -0.31047836782795607 0.8440921981231763 -0.31062180009182183 0.5038089923819896 0.5128010324916247 1.0178481135620883 1.0176902448129075
626 0.001 0.4971469490783417 -0.31045687056626714 0.843123303742451 -0.3106076631586615 0.5032916349449221 0.5122124119121241 1.0177248663554248 1.0175691608414785
627 0.001 0.4968781289632863 -0.3104246062815485 0.8413686572826492 -0.3105177819533617 0.5030194922405101 0.5111464329607195 1.0161563137126377 1.0160268463340392
628 0.001 0.4962403773302776 -0.3103866719622775 0.8400140284717196 -0.3105109175411343 0.5023738580620025 0.5103234718500349 1.0158240992449317 1.015699881007335
629 0.001 0.4958321748178216 -0.3103100677975621 0.8392796371532069 -0.31045129597287546 0.5019606102078953 0.5098773160542301 1.0157715678986365 1.0156481698122946
630 0.001 0.4955917589576103 -0.3103092146840464 0.8387173768771778 -0.3104568731155721 0.5017172228320365 0.5095357329301143 1.0155834995138195 1.0154630155660416
631 0.001 0.49447825321344663 -0.3102997621954151 0.8371361361263341 -0.3104826719635894 0.5005899542698142 0.5085751010329668 1.01595147224798 1.0158252541964143
632 0.001 0.4941045409868569 -0.31029307424545155 0.8362951230912303 -0.3104705244996569 0.5002116229980083 0.5080641706468088 1.0156984509910754 1.015576189963689
633 0.001 0.4938271836430585 -0.31031260419339035 0.8353220202389589 -0.3104609204666617 0.499930837545572 0.5074729933459464 1.015086398425436 1.0149734507038748
634 0.001 0.4930150541022536 -0.31024687471274726 0.833345809789254 -0.31037270302215536 0.49910867016601446 0.5062724103275479 1.014353066956642 1.0142507956446059
635 0.001 0.4921319810528715 -0.3101563212338542 0.8330281118774959 -0.3102771103583684 0.49821468242330924 0.5060794031921517 1.0157858068947077 1.015662186766783
636 0.001 0.49159309117514255 -0.3100650874069408 0.8306710866167469 -0.3101734466652964 0.49766913192134943 0.5046474683987626 1.0140220400057203 1.0139244156490763
637 0.001 0.49068527667763145 -0.3099530153755466 0.828738293491445 -0.3101174202396654 0.49675009692872585 0.5034732621776279 1.0135343008294706 1.0134433278081185
638 0.001 0.4899456096919925 -0.3098489032127618 0.8265645522055619 -0.30997574021844393 0.49600128773416646 0.5021526756608361 1.0124019595891987 1.0123255292314766
